Dataset_Type,Dataset,Model,Method,AUC_mean,AUC_std,Spearman_PMI_mean,Spearman_PMI_std,Pearson_PMI_mean,Pearson_PMI_std,MSE_PMI_mean,MSE_PMI_std,Spearman_Relevant_mean,Spearman_Relevant_std,Pearson_Relevant_mean,Pearson_Relevant_std,Spearman_Engaging_mean,Spearman_Engaging_std,Pearson_Engaging_mean,Pearson_Engaging_std
Empirical,en,Phi-4-mini-instruct,Direct_MEEP,0.6732300775181076,0.010175916807754235,,,,,,,0.3347415510615796,0.08539239912702992,0.3112454655869063,0.12019405267003556,0.3774349682243219,0.07314446213986806,0.36374922447488656,0.07300585595331222
Empirical,en,Phi-4-mini-instruct,InfoNCE_Pair,0.8352156,0.010252655513464765,,,,,,,0.12933838897487876,0.13625167217204706,0.135275630002924,0.08480828324984484,0.1234960453615731,0.0455196581901035,0.1339071536942297,0.05344922700649464
Empirical,en,Phi-4-mini-instruct,InfoNCE_Prompt,0.9186681,0.0016855776771052585,,,,,,,0.43612636893454726,0.07538736137304364,0.492144049249539,0.08791454735444389,0.3281722599944693,0.10956290405012074,0.35362467699558287,0.09698969319337483
Empirical,en,Phi-4-mini-instruct,KDE_Pair,0.8094967333333333,0.0021006832935975737,,,,,,,-0.04284175192100448,0.12193502824524483,-0.014170902544924664,0.10146480792051357,0.04640764724864861,0.04457125874528334,0.017372430429231988,0.053964161390026306
Empirical,en,Phi-4-mini-instruct,KDE_Prompt,0.8814282666666667,0.001962805976147353,,,,,,,0.48245975049044443,0.05216244343800099,0.5119694855223879,0.06493402203599391,0.4442096448921905,0.08910884541172989,0.4097741486014444,0.07674006908465505
Empirical,en,Phi-4-mini-instruct,MINE_Pair,0.8394073333333333,0.006359115229338101,,,,,,,0.13147199522498315,0.09850611338762622,0.10053408001931585,0.05074042814817248,0.11654570615331745,0.04927770319296518,0.09703331101101191,0.05970712211317596
Empirical,en,Phi-4-mini-instruct,MINE_Prompt,0.9099787333333333,0.004547561725498881,,,,,,,0.37915752137921227,0.1066838140221466,0.32726988843852894,0.10314490831138541,0.3091716937380265,0.13600601581224434,0.29196119114628843,0.12035310987488114
Empirical,en,Phi-4-mini-instruct,PMI_Pair,0.8412438,0.007982207608870532,,,,,,,0.10208490294119858,0.11844151809399298,0.0931675834550949,0.05153392108971437,0.11680027903650159,0.05577434770824018,0.10749420475681051,0.0468417120756825
Empirical,en,Phi-4-mini-instruct,PMI_Prompt,0.9223890000000001,0.0021984066452269196,,,,,,,0.40698942749056866,0.09574643070963641,0.41166338982359757,0.10332946364755517,0.32186715688431333,0.12659960314286198,0.3309449123066722,0.1272973025656246
Empirical,en,Qwen3-0.6B,Direct_MEEP,0.5305909663809136,0.013069779213453658,,,,,,,0.12946331071042708,0.12721774102455916,0.16209165860649075,0.10673835922377457,0.22145005054653222,0.1001264367436117,0.26698290670515096,0.05544491253957433
Empirical,en,Qwen3-0.6B,InfoNCE_Pair,0.8632324666666668,0.0062477319111284724,,,,,,,0.10628228609517473,0.07953233444908253,0.057991563561733274,0.08716285184624964,0.09831341560510024,0.11692609197473332,0.0825339533294778,0.11659718223925257
Empirical,en,Qwen3-0.6B,InfoNCE_Prompt,0.8295793333333334,0.008545318741210756,,,,,,,0.17491424745914202,0.06914711762812431,0.18281437268141545,0.04767592018569971,0.00858937419076541,0.09248832258943397,0.04336964746007817,0.0713933913857302
Empirical,en,Qwen3-0.6B,KDE_Pair,0.8179883333333333,0.0021723093062964234,,,,,,,0.11297444220070121,0.08932887207055641,0.04087206631134949,0.07787738540652273,-0.020348333328409712,0.07947345769184667,-0.039120268785746246,0.0703216371230966
Empirical,en,Qwen3-0.6B,KDE_Prompt,0.7809486333333333,0.005020946975754021,,,,,,,0.21367666278797284,0.09201305166171014,0.3082572374957438,0.07062654593787222,0.07353805914615466,0.07651682986655826,0.1184626574460014,0.08847878465827481
Empirical,en,Qwen3-0.6B,MINE_Pair,0.8581885,0.012339701083629744,,,,,,,0.20031890870742966,0.06804813494917822,0.13703517253250957,0.07854519639165594,0.11137720003484608,0.060318752336109574,0.07755851729996395,0.08422827675954701
Empirical,en,Qwen3-0.6B,MINE_Prompt,0.8293010333333333,0.025595609679255116,,,,,,,0.25798778317608884,0.08143266915562258,0.18041305878878283,0.07305276057060575,0.1704220184309777,0.07683720963902005,0.1511516305146835,0.09661683916533355
Empirical,en,Qwen3-0.6B,PMI_Pair,0.7117262333333334,0.13721445668012616,,,,,,,0.07266376095452717,0.16962319187562663,0.08480169604705272,0.09615497647025002,0.05464740095093594,0.06403933556179388,0.0029824772267229766,0.0386977860644027
Empirical,en,Qwen3-0.6B,PMI_Prompt,0.8577601333333333,0.0056895744988336066,,,,,,,0.2856276714574271,0.07497946676712003,0.3238300105354707,0.06279660125223681,0.13058475575595963,0.05712462530538531,0.16556443885975977,0.05029510484065621
Empirical,en,Qwen3-1.7B,Direct_MEEP,,,,,,,,,-0.017605375712044874,0.08244926919247814,-0.04859564833416878,0.03985901642116947,0.019127955607557395,0.04942840233245269,0.029270384084200317,0.058841580375847725
Empirical,en,Qwen3-1.7B,InfoNCE_Pair,0.8601343333333332,0.0028523221728579797,,,,,,,0.047788154555130066,0.08737685319900688,0.06918433325891957,0.11905818152543272,0.1459518706365313,0.11164448535159353,0.1300253018058954,0.1330221855417331
Empirical,en,Qwen3-1.7B,InfoNCE_Prompt,0.8854366,0.005821022535221385,,,,,,,0.3213482311828256,0.07789788129888885,0.34452371987580277,0.043493296803243923,0.15012037709278309,0.04986055740351362,0.1927225850009604,0.030290688602644056
Empirical,en,Qwen3-1.7B,KDE_Pair,0.8409748666666668,0.0027518744985110897,,,,,,,0.13780331227583506,0.029624216125590214,-0.0007749071572308586,0.08187547551496581,0.06863259204038948,0.03303719091737462,0.002029983854388832,0.048019292121455184
Empirical,en,Qwen3-1.7B,KDE_Prompt,0.7930529333333333,0.003683406465337446,,,,,,,0.18014905647250873,0.05981255227135711,0.2032810339562348,0.051644154318685236,0.1228324339961184,0.07768659059606266,0.17125097038408132,0.04262788849269477
Empirical,en,Qwen3-1.7B,MINE_Pair,0.8547695000000001,0.006341127302950371,,,,,,,0.07975650997597669,0.07343761570647564,0.0358347619320533,0.04769170290521594,0.13675905632027885,0.12298465899439756,0.11265087789871302,0.12143283759012734
Empirical,en,Qwen3-1.7B,MINE_Prompt,0.8922371,0.0029314470251245077,,,,,,,0.406209450686051,0.09150355899346455,0.2993315150127249,0.1299753077102954,0.2583847187638883,0.08682176665933025,0.20604115650919308,0.09087616581196574
Empirical,en,Qwen3-1.7B,PMI_Pair,0.8095198,0.07108788549495931,,,,,,,0.060605075332769355,0.06384568377869175,0.015811179921088537,0.02974689626324675,0.09674813750587688,0.049330068478769466,0.07857552735545022,0.06795440725642735
Empirical,en,Qwen3-1.7B,PMI_Prompt,0.9033966333333334,0.004332122001205981,,,,,,,0.4325217311810324,0.05474343515893048,0.4335175256594728,0.05552188021494927,0.25812916877988645,0.07601150901958718,0.2952745619991926,0.05016945109105152
Empirical,en,Qwen3-4B,Direct_MEEP,0.6695798645067649,0.015722044544741156,,,,,,,0.03812728143727666,0.11023252628171175,0.05080539794721817,0.07262967061732388,0.08316668521207816,0.1342581255085362,0.06532133897937793,0.10415193137156281
Empirical,en,Qwen3-4B,InfoNCE_Pair,0.8640404,0.0067403846964068466,,,,,,,0.08554966421443602,0.03886659770718166,0.06983732726788627,0.033311190669212405,0.14612474027910888,0.0793969201307955,0.13877347043594507,0.07539730832134058
Empirical,en,Qwen3-4B,InfoNCE_Prompt,0.9360388000000001,0.005562866779917553,,,,,,,0.3508270647334228,0.09015828954627211,0.3367728633158428,0.15156277024910578,0.2290571391522541,0.1363942392542121,0.23279028616305042,0.12433150469281606
Empirical,en,Qwen3-4B,KDE_Pair,0.8470498000000001,0.0042773329670616166,,,,,,,0.09214084508820797,0.05273740464505366,-0.002060499364838095,0.0685727823419775,0.09896445380908087,0.05803055795552818,0.047284666727387806,0.024341351871973494
Empirical,en,Qwen3-4B,KDE_Prompt,0.9143510666666665,0.0026550457037289024,,,,,,,0.38053942857176254,0.07604757068595987,0.36786232261758667,0.07855991795761567,0.41055238332197624,0.09950049963726469,0.39303274739919936,0.10223451914373663
Empirical,en,Qwen3-4B,MINE_Pair,0.8595217999999999,0.0046753110404549325,,,,,,,0.10556703535393239,0.04793441557212013,0.10060689574734502,0.09010285233717802,0.10614440048177967,0.11828400894360111,0.11149210717740801,0.133488611989766
Empirical,en,Qwen3-4B,MINE_Prompt,0.9333725333333334,0.00281778192516347,,,,,,,0.4450751287804616,0.023681039731505416,0.37724732904477676,0.04977396563591395,0.3927003476350737,0.11955987790219653,0.3771388086531889,0.12021699832069534
Empirical,en,Qwen3-4B,PMI_Pair,0.8646290000000001,0.006219647725822879,,,,,,,0.09786947336580223,0.06908491228357459,0.07971305372359602,0.08274007409535843,0.08293174768460601,0.15316779642329484,0.07707425841809168,0.1531414423281766
Empirical,en,Qwen3-4B,PMI_Prompt,0.9407652666666667,0.0015897864706376586,,,,,,,0.47461767596430915,0.0283494349440877,0.4701338099949906,0.06838626373523059,0.3902357916111497,0.12285514874304233,0.3735591775222001,0.11944714825153464
Empirical,en,Qwen3-8B,Direct_MEEP,,,,,,,,,0.17295999618853108,0.15296024295074787,0.23076592994328066,0.13574390162255318,0.4790554931747238,0.09769484406027859,0.5022451810858657,0.11751043535748673
Empirical,en,Qwen3-8B,InfoNCE_Pair,0.8552725333333333,0.006986935751815596,,,,,,,0.15168102229336622,0.07037355880135249,0.10003471949067518,0.08200134814207702,0.19919997717268,0.11948838751381473,0.15331135662295342,0.11839027478594992
Empirical,en,Qwen3-8B,InfoNCE_Prompt,0.9515516666666667,0.0028730586779017538,,,,,,,0.41435738265497024,0.045364063559099624,0.46002026612683694,0.052714857566349485,0.3332675193017609,0.10298165883916616,0.3675080607129456,0.08387262121695335
Empirical,en,Qwen3-8B,KDE_Pair,0.8261132666666666,0.004698105629754715,,,,,,,0.029423660662747837,0.05700825311689493,-0.015998412366046526,0.07855500106988011,0.02201837755288614,0.10595708901941195,0.002817860771798067,0.08929839763988698
Empirical,en,Qwen3-8B,KDE_Prompt,0.9261727333333333,0.0038243188093510156,,,,,,,0.3652241981323258,0.07368118598811046,0.3960374588807967,0.07372445421761824,0.5181442727737304,0.08397280197103975,0.48687662671032117,0.08950107349831969
Empirical,en,Qwen3-8B,MINE_Pair,0.8490236666666666,0.006130181545254364,,,,,,,0.16208640738361332,0.09470431584873415,0.13822183350087003,0.08916600409386496,0.17071388117917155,0.12053268822084418,0.18299996407183544,0.11861986532091123
Empirical,en,Qwen3-8B,MINE_Prompt,0.9473398333333332,0.003051651447258613,,,,,,,0.4616192844890101,0.023146568411221247,0.4619943614932252,0.059330026995815945,0.46290653181340546,0.09358623513408532,0.47207256852575713,0.08901902116077143
Empirical,en,Qwen3-8B,PMI_Pair,0.8527574,0.009436315910707222,,,,,,,0.15121936859896726,0.09294002436079432,0.12320127891244496,0.09048796258769956,0.17387684691729557,0.11547988905058279,0.16327441426085545,0.10434017063264951
Empirical,en,Qwen3-8B,PMI_Prompt,0.9524590666666667,0.002645242295140476,,,,,,,0.46666571577837973,0.03247876759717214,0.5206530645695105,0.05610857637285046,0.45929031554522054,0.09056101500681311,0.47528728605782644,0.08913814456747142
Empirical,en,meta-llama-Llama-3.2-3B-Instruct-FP16,Direct_MEEP,0.6529220590943858,0.008995798677407183,,,,,,,0.10544037126037975,0.08977398477791128,0.10512841412220417,0.08738218713417652,0.24789762252187475,0.06315898906586577,0.23897245178219242,0.06776454307748812
Empirical,en,meta-llama-Llama-3.2-3B-Instruct-FP16,InfoNCE_Pair,0.8519840666666667,0.005148918221874882,,,,,,,0.16417432631101875,0.08510655384713256,0.1645027634030674,0.08910645218992513,0.16231001836283693,0.050294739020368504,0.16622391628017674,0.03751999157182021
Empirical,en,meta-llama-Llama-3.2-3B-Instruct-FP16,InfoNCE_Prompt,0.9069361,0.008787859200497999,,,,,,,0.3489901148875939,0.10396666897632993,0.34413408734628265,0.1513479697439367,0.16020954776334062,0.16372147941622975,0.18913775422941617,0.17492720628236047
Empirical,en,meta-llama-Llama-3.2-3B-Instruct-FP16,KDE_Pair,0.8558635333333333,0.005726805642473605,,,,,,,0.21486438325857607,0.029086392365266136,0.12488377293424949,0.077518117472103,0.19277698752318212,0.03759638302551763,0.13464333876979367,0.047129837130176766
Empirical,en,meta-llama-Llama-3.2-3B-Instruct-FP16,KDE_Prompt,0.8835064666666665,0.0017941191834559022,,,,,,,0.3928168194827193,0.0952766060726479,0.3662003791817332,0.12066452686676273,0.39216162859267134,0.06800287515609184,0.3460416944953636,0.06512836311425386
Empirical,en,meta-llama-Llama-3.2-3B-Instruct-FP16,MINE_Pair,0.8485777666666667,0.004010460441492705,,,,,,,0.13921538244187612,0.020269981720784126,0.12647137143927584,0.017288886338607166,0.1455482018493282,0.043036804244027956,0.15460021995552192,0.03554624088889501
Empirical,en,meta-llama-Llama-3.2-3B-Instruct-FP16,MINE_Prompt,0.9263635000000001,0.004672905188721209,,,,,,,0.3706391278315831,0.057722024734732834,0.3140382698800681,0.07071557238550602,0.30109177246437246,0.13682668776902634,0.26921575925359365,0.10788107937998134
Empirical,en,meta-llama-Llama-3.2-3B-Instruct-FP16,PMI_Pair,0.8482984,0.004113741635597084,,,,,,,0.15969836439963686,0.04045266367614124,0.1439996317741054,0.04265659944220668,0.1652438273208644,0.04950431066965563,0.17149977504399777,0.04608198730470393
Empirical,en,meta-llama-Llama-3.2-3B-Instruct-FP16,PMI_Prompt,0.9335365333333334,0.0025319790305433306,,,,,,,0.3843713972174273,0.06884281390867049,0.3945923172498781,0.12933633248052523,0.29693909072240254,0.14486771511517016,0.31798814026061273,0.13166881444653764
Empirical,zh,Phi-4-mini-instruct,Direct_MEEP,,,,,,,,,0.12835811878460643,0.06009786703102969,0.12203020351088936,0.06960301632577205,,,,
Empirical,zh,Phi-4-mini-instruct,InfoNCE_Pair,0.6977192666666667,0.005781642675072781,,,,,,,0.25534430870125846,0.04833312821215925,0.2545668510738316,0.024918803755399992,,,,
Empirical,zh,Phi-4-mini-instruct,InfoNCE_Prompt,0.7993111,0.005646371956595025,,,,,,,0.4045929890592855,0.036579988678767716,0.41474448853427753,0.031033561367924276,,,,
Empirical,zh,Phi-4-mini-instruct,KDE_Pair,0.6461783333333333,0.006510509247875064,,,,,,,0.27838357938540037,0.030900446848858606,0.2502757353034041,0.023643441044236976,,,,
Empirical,zh,Phi-4-mini-instruct,KDE_Prompt,0.7407655666666667,0.002150432784606629,,,,,,,0.38949793008891537,0.03700936721749457,0.362655987004406,0.022113713701330143,,,,
Empirical,zh,Phi-4-mini-instruct,MINE_Pair,0.6953234333333334,0.0018045879554316375,,,,,,,0.3579204455469702,0.029774188121009775,0.36773241376098775,0.014882071436497666,,,,
Empirical,zh,Phi-4-mini-instruct,MINE_Prompt,0.8118366333333334,0.005593424256064727,,,,,,,0.453294915621528,0.04500455941587396,0.40209668157054557,0.041887002563305284,,,,
Empirical,zh,Phi-4-mini-instruct,PMI_Pair,0.6917424999999999,0.007322000986372764,,,,,,,0.34883943007857826,0.03331276235037686,0.3524931553578535,0.019458205733193984,,,,
Empirical,zh,Phi-4-mini-instruct,PMI_Prompt,0.8239166000000001,0.0028220327031730336,,,,,,,0.47488331906444825,0.04664429492423022,0.46981878598340654,0.041248020915976194,,,,
Empirical,zh,Qwen3-0.6B,Direct_MEEP,0.5309058579489222,0.009031389821974526,,,,,,,0.07986723970584672,0.04659064802499279,0.06573238236558791,0.036743268536887405,,,,
Empirical,zh,Qwen3-0.6B,InfoNCE_Pair,0.7223416,0.006673702010295516,,,,,,,0.2923087281519,0.07404119931158061,0.2892856257459079,0.06338752284990241,,,,
Empirical,zh,Qwen3-0.6B,InfoNCE_Prompt,0.7606937333333332,0.011306880707855176,,,,,,,0.387847715698731,0.0734458483886377,0.37968922195806315,0.06893403903422465,,,,
Empirical,zh,Qwen3-0.6B,KDE_Pair,0.6769613,0.0038475442951027383,,,,,,,0.37869235606735707,0.03907749077593702,0.39569105961335077,0.02370257497233083,,,,
Empirical,zh,Qwen3-0.6B,KDE_Prompt,0.6823742666666667,0.009305239507933147,,,,,,,0.1703296386879018,0.06445936201120107,0.13442220387178136,0.038702259508296505,,,,
Empirical,zh,Qwen3-0.6B,MINE_Pair,0.7116213333333334,0.04042312528670245,,,,,,,0.2607755789863878,0.16063913471639507,0.24187560601000743,0.11687486982054637,,,,
Empirical,zh,Qwen3-0.6B,MINE_Prompt,0.7761574333333334,0.005654431661193799,,,,,,,0.4037451948515288,0.07978886901703962,0.3717786251625683,0.08622874463512865,,,,
Empirical,zh,Qwen3-0.6B,PMI_Pair,0.5209524666666667,0.03479157641772725,,,,,,,-0.076268171656201,0.12907753623454624,-0.05300767781980677,0.09659818516569416,,,,
Empirical,zh,Qwen3-0.6B,PMI_Prompt,0.7737955333333333,0.004742061931972984,,,,,,,0.4295004449067866,0.023134441163394432,0.4191997718854381,0.02571459686586208,,,,
Empirical,zh,Qwen3-1.7B,Direct_MEEP,0.5254519618782483,0.011469680697707728,,,,,,,0.05109834493798291,0.05736737287331357,0.06541082558041267,0.06543951329055556,,,,
Empirical,zh,Qwen3-1.7B,InfoNCE_Pair,0.7175590666666667,0.006420809370061226,,,,,,,0.24356884513946567,0.038974502182896345,0.2564237478899817,0.0374377888803619,,,,
Empirical,zh,Qwen3-1.7B,InfoNCE_Prompt,0.7893394333333335,0.0023365533721940537,,,,,,,0.4040183098243973,0.04316115785368275,0.391462056930399,0.04417817369957084,,,,
Empirical,zh,Qwen3-1.7B,KDE_Pair,0.6695995333333333,0.006521577632069626,,,,,,,0.3911088581298295,0.023651397567243392,0.37134064754538637,0.0335790521554358,,,,
Empirical,zh,Qwen3-1.7B,KDE_Prompt,0.7002946333333333,0.003571177837135025,,,,,,,0.31979551596305106,0.02325381925505206,0.3062392068127665,0.015427211959047497,,,,
Empirical,zh,Qwen3-1.7B,MINE_Pair,0.7183806666666667,0.0016387232326824123,,,,,,,0.351791532721476,0.016503736340493874,0.337321324925863,0.02572286150489486,,,,
Empirical,zh,Qwen3-1.7B,MINE_Prompt,0.8006589,0.006396111719891507,,,,,,,0.4730604638917937,0.05781715101767368,0.39690007177161785,0.07429381894409208,,,,
Empirical,zh,Qwen3-1.7B,PMI_Pair,0.7163934000000001,0.007538935212172418,,,,,,,0.3295575735100743,0.04263121187228388,0.33016841045839784,0.046095935851866957,,,,
Empirical,zh,Qwen3-1.7B,PMI_Prompt,0.8117335333333333,0.003633362061048517,,,,,,,0.4735039492128477,0.056102128346480436,0.46376349482055534,0.05833554701552685,,,,
Empirical,zh,Qwen3-4B,Direct_MEEP,0.5824331053997263,0.01232199112530318,,,,,,,0.14239305430556595,0.056797718137973435,0.17130542815892946,0.049422353181100914,,,,
Empirical,zh,Qwen3-4B,InfoNCE_Pair,0.7306732666666667,0.007325687807677553,,,,,,,0.2546519318466637,0.031914902024063024,0.26349632820563795,0.019420342128855708,,,,
Empirical,zh,Qwen3-4B,InfoNCE_Prompt,0.8461528000000001,0.004876780510177224,,,,,,,0.41539134535373157,0.054057570437095616,0.4231025305636564,0.06239354398497623,,,,
Empirical,zh,Qwen3-4B,KDE_Pair,0.6728008,0.0022642770442976336,,,,,,,0.38520449440088267,0.019329345373197446,0.36374776305908324,0.021392145086146164,,,,
Empirical,zh,Qwen3-4B,KDE_Prompt,0.7965285333333334,0.006057676720951303,,,,,,,0.49511086722488995,0.021912728112731768,0.4224475877385442,0.027225534384067263,,,,
Empirical,zh,Qwen3-4B,MINE_Pair,0.7274020333333333,0.008119641310153762,,,,,,,0.3689448715827692,0.042621768592035585,0.35418384629962485,0.028186166370470413,,,,
Empirical,zh,Qwen3-4B,MINE_Prompt,0.8518615333333333,0.0047054170251483556,,,,,,,0.5349394775924615,0.05006389757829029,0.47707473363091896,0.05385460515783534,,,,
Empirical,zh,Qwen3-4B,PMI_Pair,0.6922033666666667,0.0710084198613094,,,,,,,0.37188979513898734,0.06051832696002709,0.3640363831426675,0.0518808433949543,,,,
Empirical,zh,Qwen3-4B,PMI_Prompt,0.8608509333333332,0.004058350947258161,,,,,,,0.5517163589704422,0.048195046387152225,0.5402112033490247,0.044895142513610625,,,,
Empirical,zh,Qwen3-8B,Direct_MEEP,0.6687126413689582,0.01418054856580698,,,,,,,0.2170093024084075,0.046127096055478545,0.20414553335321778,0.056581334246001466,,,,
Empirical,zh,Qwen3-8B,InfoNCE_Pair,0.7125846666666666,0.009599813042160989,,,,,,,0.2589884736827741,0.055387872174526974,0.25667168676710994,0.06582168322061602,,,,
Empirical,zh,Qwen3-8B,InfoNCE_Prompt,0.8783602,0.003376731231695944,,,,,,,0.5056575455122762,0.06834965452132338,0.5149208899204611,0.05624693377333886,,,,
Empirical,zh,Qwen3-8B,KDE_Pair,0.6655957333333333,0.007585908849819987,,,,,,,0.33099697413703,0.02824295906944215,0.3023734172367645,0.021644882612059973,,,,
Empirical,zh,Qwen3-8B,KDE_Prompt,0.8144841333333334,0.0015395952859256906,,,,,,,0.43259720716898986,0.042053734619384726,0.40984208571071645,0.01784494147697624,,,,
Empirical,zh,Qwen3-8B,MINE_Pair,0.7086150666666666,0.005358808840487663,,,,,,,0.37872380602468614,0.03944237910617443,0.39147077083513465,0.03162519492125531,,,,
Empirical,zh,Qwen3-8B,MINE_Prompt,0.8782184666666668,0.00225643867447509,,,,,,,0.5699982326094256,0.05325603263032082,0.5152973776422994,0.0598226985521236,,,,
Empirical,zh,Qwen3-8B,PMI_Pair,0.7108301666666667,0.0022322148629655217,,,,,,,0.3761396402111085,0.04472956852146858,0.37796773325480537,0.038004298624116035,,,,
Empirical,zh,Qwen3-8B,PMI_Prompt,0.8840518666666666,0.002407380902788617,,,,,,,0.5792623592929834,0.0488115692902561,0.5856219691423339,0.03760126221570532,,,,
Empirical,zh,meta-llama-Llama-3.2-3B-Instruct-FP16,Direct_MEEP,0.5404943604292979,0.005903529684605403,,,,,,,0.06267217340805722,0.018543709108603666,0.056893840686808715,0.024041648150694626,,,,
Empirical,zh,meta-llama-Llama-3.2-3B-Instruct-FP16,InfoNCE_Pair,0.6888441333333334,0.007784856316379088,,,,,,,0.26181009133136884,0.036053009136976885,0.26119044901807803,0.020651859191581485,,,,
Empirical,zh,meta-llama-Llama-3.2-3B-Instruct-FP16,InfoNCE_Prompt,0.7809633333333333,0.01040421815365713,,,,,,,0.23470950276272803,0.05709611503883931,0.23409384649893292,0.03640212976891579,,,,
Empirical,zh,meta-llama-Llama-3.2-3B-Instruct-FP16,KDE_Pair,0.6498981666666667,0.0042664796410832794,,,,,,,0.3368412598636079,0.035473711806221234,0.29777890192329964,0.03181201576940736,,,,
Empirical,zh,meta-llama-Llama-3.2-3B-Instruct-FP16,KDE_Prompt,0.6829187,0.00685137027697536,,,,,,,0.24318398369675337,0.055427275122512935,0.22214801863076367,0.04605444954690946,,,,
Empirical,zh,meta-llama-Llama-3.2-3B-Instruct-FP16,MINE_Pair,0.6913258,0.00593207374551449,,,,,,,0.34503546985028394,0.04733201478842078,0.3417477800797976,0.0399034377071719,,,,
Empirical,zh,meta-llama-Llama-3.2-3B-Instruct-FP16,MINE_Prompt,0.7969137333333334,0.006822553483565468,,,,,,,0.4548367305487161,0.06704687153074466,0.3859411716465814,0.03688251168736739,,,,
Empirical,zh,meta-llama-Llama-3.2-3B-Instruct-FP16,PMI_Pair,0.6905635333333333,0.005622625852551245,,,,,,,0.3560423915876256,0.04374393927293249,0.3565206597019266,0.039386188458301226,,,,
Empirical,zh,meta-llama-Llama-3.2-3B-Instruct-FP16,PMI_Prompt,0.8083191333333334,0.005019647644783211,,,,,,,0.4701026488975435,0.06151595535487343,0.45178311523169085,0.05550482107763913,,,,
Synthetic,block,Phi-4-mini-instruct,Direct_MEEP,0.6356344527458694,0.009197129279101799,-0.06077632082199695,0.02001574916643672,0.12377494366261124,0.021099739244130167,2.9019276615226817,0.03838400348755749,,,,,,,,
Synthetic,block,Phi-4-mini-instruct,InfoNCE_Pair,0.8098493999999998,0.015099761522491371,0.16821285704686967,0.08259337684731805,0.4818234562520895,0.043092789853008545,5.3820206725192445,1.7369324704743851,,,,,,,,
Synthetic,block,Phi-4-mini-instruct,InfoNCE_Prompt,0.8326348666666666,0.004130733290766251,0.0664585145291102,0.01960039078358506,0.661777823569037,0.041801640482622755,1.6858984987431036,1.0421326368581605,,,,,,,,
Synthetic,block,Phi-4-mini-instruct,KDE_Pair,0.8182758,0.004736623066595064,0.35607415902495837,0.021243258204145757,0.6029531510220243,0.007740507047529041,9.336929409387348,0.31817039814154163,,,,,,,,
Synthetic,block,Phi-4-mini-instruct,KDE_Prompt,0.8416233666666667,0.003917105208427451,0.37531726799836546,0.015933884138251066,0.7017847814116431,0.015698417526065635,1.923407658695148,0.036033870591984075,,,,,,,,
Synthetic,block,Phi-4-mini-instruct,MINE_Pair,0.8476216666666666,0.0032159955970982794,0.40503764168651024,0.045440601963498514,0.785820027860734,0.012095087837224702,12.550718910452533,1.875448996900231,,,,,,,,
Synthetic,block,Phi-4-mini-instruct,MINE_Prompt,0.8456209333333333,0.0032630173421237143,0.3844627214848108,0.044112144758759214,0.7538654910489286,0.02283351121520775,2.5200694498577705,3.4993358927808766,,,,,,,,
Synthetic,block,Phi-4-mini-instruct,PMI_Pair,0.8492256666666667,0.0034991215187212157,0.43877965703287114,0.04034386783866203,0.8497503023125237,0.006077237993720727,0.3254261424910302,0.07231029198669713,,,,,,,,
Synthetic,block,Phi-4-mini-instruct,PMI_Prompt,0.8440903333333333,0.0041805708026669665,0.4011912277194492,0.025810176400632667,0.8022973176039343,0.01689444402281729,0.3504190667111453,0.07013153102113172,,,,,,,,
Synthetic,block,Qwen3-0.6B,Direct_MEEP,0.5096797000198159,0.002214789404685373,-0.043497193258470415,0.011815433236901348,-0.0019027449737126529,0.043297192856417054,3.119383120210339,0.0790667841624294,,,,,,,,
Synthetic,block,Qwen3-0.6B,InfoNCE_Pair,0.8046690333333334,0.006887677016680699,0.2357533961584425,0.07038528086413755,0.4426577303341987,0.05745948649253496,16.351406103982846,3.165512362720973,,,,,,,,
Synthetic,block,Qwen3-0.6B,InfoNCE_Prompt,0.7784806666666666,0.004827755087051884,-0.060041612431912326,0.04665112355693569,0.3698888055803361,0.016406046206259853,12.088793504144732,13.000051348716205,,,,,,,,
Synthetic,block,Qwen3-0.6B,KDE_Pair,0.8468196333333333,0.001962702598884132,0.43965919814071963,0.02509813581465582,0.7581884825163364,0.0070036885494120255,1.6456989432717033,0.0523063369749974,,,,,,,,
Synthetic,block,Qwen3-0.6B,KDE_Prompt,0.7938688666666666,0.008097885875852688,0.13716523410508316,0.0054600143782137095,0.3899595317098896,0.008595682334501977,4.268423601250191,0.019414256403024903,,,,,,,,
Synthetic,block,Qwen3-0.6B,MINE_Pair,0.8412456333333334,0.004008506686133637,0.3779198574297599,0.04753222198644929,0.46966145070460996,0.07108514582755425,89.25687615782658,23.24241351947049,,,,,,,,
Synthetic,block,Qwen3-0.6B,MINE_Prompt,0.8158650666666667,0.004506128284841072,0.21351211293695727,0.02047303598286717,0.5330375585186069,0.011704258545703403,14.253166975156239,16.472964449752837,,,,,,,,
Synthetic,block,Qwen3-0.6B,PMI_Pair,0.8450900333333333,0.0010339409194919827,0.44702280584124016,0.07769518045894923,0.6524290675059505,0.026859198574090467,2.5746551239169184,0.9118804040964107,,,,,,,,
Synthetic,block,Qwen3-0.6B,PMI_Prompt,0.7815651666666666,0.004939257121943174,0.23749349141434548,0.013381393939194672,0.4698251657006075,0.018695329360781693,1.286729769898771,0.4242117026411261,,,,,,,,
Synthetic,block,Qwen3-1.7B,Direct_MEEP,0.5213676366093976,0.01073421533828809,-0.030056045492717405,0.020385543307273733,0.036665923917218415,0.04203271932093151,3.0578889994121665,0.06923282721991657,,,,,,,,
Synthetic,block,Qwen3-1.7B,InfoNCE_Pair,0.7970640333333333,0.012639304702109931,0.17091334823134902,0.10222431318640161,0.40961797036500724,0.02557506249500897,10.097779523669,1.750928413066092,,,,,,,,
Synthetic,block,Qwen3-1.7B,InfoNCE_Prompt,0.7934271666666667,0.008423877428509766,0.27515021222628877,0.0364814478817908,0.4639492466190398,0.02694306676494157,5.630189709037361,3.638869172904604,,,,,,,,
Synthetic,block,Qwen3-1.7B,KDE_Pair,0.8289479333333334,0.004092745707346132,0.40040250107169095,0.014969869838578724,0.6186248184567199,0.014974391102702003,3.5670918850807403,0.10624168271996867,,,,,,,,
Synthetic,block,Qwen3-1.7B,KDE_Prompt,0.8151478333333333,0.004606077487346946,0.26151985837064073,0.01763078066773107,0.5501120854868717,0.020655531182585,2.6774718974049216,0.028400434275044725,,,,,,,,
Synthetic,block,Qwen3-1.7B,MINE_Pair,0.8465456333333332,0.003495531429951404,0.42192886385667017,0.0390019338259197,0.6479436266619765,0.03906304455967379,23.99124941055127,1.5580043172204783,,,,,,,,
Synthetic,block,Qwen3-1.7B,MINE_Prompt,0.8261824666666666,0.005368845200164822,0.27323303745198246,0.02754654424307558,0.5778528663065863,0.01887761089603228,12.45711426780651,8.151346344861706,,,,,,,,
Synthetic,block,Qwen3-1.7B,PMI_Pair,0.8493161666666668,0.0025684522522761107,0.4312193202390338,0.030906279976454863,0.7828029859798373,0.008754005271523967,0.6993146132149869,0.16324545413465796,,,,,,,,
Synthetic,block,Qwen3-1.7B,PMI_Prompt,0.8235903333333333,0.005376062844529805,0.27231254569518903,0.015582610492275934,0.6485406201304904,0.0382400691413755,0.6921543864367952,0.33104983154969925,,,,,,,,
Synthetic,block,Qwen3-4B,Direct_MEEP,0.5894161961294873,0.004684471375821871,-0.029683405671497888,0.03280949707581414,0.09564550448600932,0.04512112317464103,2.9644605802720343,0.07533467331488096,,,,,,,,
Synthetic,block,Qwen3-4B,InfoNCE_Pair,0.8253319333333333,0.010678643926990205,0.2974577117522722,0.026993237925263695,0.5220953238684993,0.04419591390016986,6.553062140416697,3.3164010507862507,,,,,,,,
Synthetic,block,Qwen3-4B,InfoNCE_Prompt,0.8295857666666666,0.004076995722274539,0.06536670004544817,0.013037143311367926,0.6388305989139307,0.02229617719448765,0.8497276937957118,0.0526396495671961,,,,,,,,
Synthetic,block,Qwen3-4B,KDE_Pair,0.8253051333333333,0.005265600128559821,0.3872905715732187,0.014090371109594827,0.6412055151486188,0.016550303842467282,5.4659802700122055,0.19512891288071574,,,,,,,,
Synthetic,block,Qwen3-4B,KDE_Prompt,0.8339248333333333,0.007883917000063526,0.3238722951656772,0.014998670971507835,0.6380826365470625,0.009327261671819133,2.0585784637334794,0.061015840022326906,,,,,,,,
Synthetic,block,Qwen3-4B,MINE_Pair,0.8496003999999999,0.002700299120776529,0.4207759947617068,0.051827384780386586,0.711155799186638,0.03290139368286421,22.3752545435274,4.671273873792779,,,,,,,,
Synthetic,block,Qwen3-4B,MINE_Prompt,0.8402476,0.0038826277767483475,0.32997114643457426,0.01868808671829935,0.7418453308549953,0.029358258997134706,2.079604001147232,2.840980863795282,,,,,,,,
Synthetic,block,Qwen3-4B,PMI_Pair,0.8518283999999999,0.0017799492993715775,0.4569086201504291,0.048963627828244434,0.821291900819918,0.007848109582791024,0.4433756103987826,0.03994840648008326,,,,,,,,
Synthetic,block,Qwen3-4B,PMI_Prompt,0.8404397333333333,0.004346726876180664,0.3761051922556505,0.01821107025624334,0.7768489821336448,0.01654235700778663,0.37068326770860205,0.06385691431227329,,,,,,,,
Synthetic,block,Qwen3-8B,Direct_MEEP,0.6934597325246719,0.009527357897993046,0.04124224368855408,0.02971950583365851,0.19068239900373968,0.03489314361511265,2.7889547463256306,0.07709117056928617,,,,,,,,
Synthetic,block,Qwen3-8B,InfoNCE_Pair,0.8296152666666666,0.009181425077447314,0.25959538101826035,0.035954135009712146,0.5851565629166702,0.045172527363410896,4.250411007548735,0.7952272951762562,,,,,,,,
Synthetic,block,Qwen3-8B,InfoNCE_Prompt,0.8302958,0.0052545973989450954,0.1220019048666279,0.0335374409832027,0.7498396154804687,0.010958789773114751,0.7024562618850639,0.26159544282424163,,,,,,,,
Synthetic,block,Qwen3-8B,KDE_Pair,0.8155633333333334,0.006702708732088998,0.3447341656932744,0.01669171542684848,0.5658531033288242,0.0160757051168423,14.837465674248216,0.45264946053988997,,,,,,,,
Synthetic,block,Qwen3-8B,KDE_Prompt,0.8333366333333334,0.005417993325228662,0.34925710244877745,0.01888405004895494,0.6315621101616178,0.023603600645747586,2.532765106735476,0.10380479601625932,,,,,,,,
Synthetic,block,Qwen3-8B,MINE_Pair,0.8480675333333334,0.0018195647655719854,0.447178833455468,0.05679863860706877,0.7838509596936799,0.013880859366197856,10.724115591287088,2.270508282220026,,,,,,,,
Synthetic,block,Qwen3-8B,MINE_Prompt,0.8447023666666666,0.004020780110874019,0.4116060600806934,0.021569301961455428,0.8075438226958285,0.01913675112486549,0.39824069451421285,0.0750617250716774,,,,,,,,
Synthetic,block,Qwen3-8B,PMI_Pair,0.8480789333333334,0.002011401979963215,0.4329526686041875,0.03594506814281134,0.822664508565276,0.010376139938218431,0.4056588350599971,0.03958707103053911,,,,,,,,
Synthetic,block,Qwen3-8B,PMI_Prompt,0.8418134666666667,0.0036786556900735776,0.4247582612744707,0.021989995928164637,0.8107234472330294,0.009993149023661543,0.33660507067434087,0.04726532642001298,,,,,,,,
Synthetic,block,meta-llama-Llama-3.2-3B-Instruct-FP16,Direct_MEEP,0.6354082671502896,0.006133507599830028,0.06237909408016758,0.02115791548141196,0.12842724986936632,0.027480396212877647,2.8930981915278444,0.0496941998466326,,,,,,,,
Synthetic,block,meta-llama-Llama-3.2-3B-Instruct-FP16,InfoNCE_Pair,0.8265308666666666,0.011487423159820454,0.475916389496262,0.05675552644038297,0.5674363938076188,0.027276454631040503,6.670232911566184,1.709399958958949,,,,,,,,
Synthetic,block,meta-llama-Llama-3.2-3B-Instruct-FP16,InfoNCE_Prompt,0.8268927999999999,0.004546028888858221,0.23510368516621752,0.04609302881147834,0.6391796109095914,0.06099526608137649,3.618402366537498,3.8597561004035703,,,,,,,,
Synthetic,block,meta-llama-Llama-3.2-3B-Instruct-FP16,KDE_Pair,0.8329486666666666,0.0031832873840488027,0.43362904827628085,0.024293302304139286,0.6585601305273548,0.019645622187877777,9.181428396801666,0.35457564021974697,,,,,,,,
Synthetic,block,meta-llama-Llama-3.2-3B-Instruct-FP16,KDE_Prompt,0.8354602666666666,0.005231849190561382,0.365462695090616,0.028522212459214644,0.6639388589198243,0.017074866864072055,1.986493918072581,0.06480823240826884,,,,,,,,
Synthetic,block,meta-llama-Llama-3.2-3B-Instruct-FP16,MINE_Pair,0.8553461666666667,0.0037706463728974324,0.523144081700414,0.06474287745379727,0.692376794113234,0.023006465174508425,30.59529128479114,5.305689260818437,,,,,,,,
Synthetic,block,meta-llama-Llama-3.2-3B-Instruct-FP16,MINE_Prompt,0.8410216333333332,0.0027707373552299775,0.39156686127503726,0.03860531419637073,0.7520432110887378,0.01421537327008407,1.0549523945240227,1.1298750010070975,,,,,,,,
Synthetic,block,meta-llama-Llama-3.2-3B-Instruct-FP16,PMI_Pair,0.8568603666666667,0.0009849781258146582,0.5548826429998479,0.020595995558600075,0.8278886114847313,0.00736648406114733,0.6321805964351702,0.059379700293772375,,,,,,,,
Synthetic,block,meta-llama-Llama-3.2-3B-Instruct-FP16,PMI_Prompt,0.8411760666666666,0.0036141793801175164,0.4058905455479138,0.0374389041476471,0.7712539961746157,0.016986465277978702,0.4043353674659797,0.10642156949348502,,,,,,,,
Synthetic,diagonal,Phi-4-mini-instruct,Direct_MEEP,0.5900787902438381,0.005753917410445393,0.10622520043188302,0.015440649389469246,0.11970989596288786,0.03369947445505975,5.780593597082174,0.08293187392708451,,,,,,,,
Synthetic,diagonal,Phi-4-mini-instruct,InfoNCE_Pair,0.8151955666666666,0.009013540093011915,0.1336293815542556,0.07567512232583595,0.4229608679705564,0.034773516668486944,8.86850171727651,1.854427024024916,,,,,,,,
Synthetic,diagonal,Phi-4-mini-instruct,InfoNCE_Prompt,0.8412006,0.0031253521437147195,0.23724738670930004,0.0501186995229295,0.561462766959983,0.0435343501670131,2.785598186874201,1.0857385469873437,,,,,,,,
Synthetic,diagonal,Phi-4-mini-instruct,KDE_Pair,0.8295922333333333,0.004276885611763642,0.3869318805033643,0.023579359118005783,0.48834722093390875,0.015185453940699215,15.130198495913145,1.075002594115317,,,,,,,,
Synthetic,diagonal,Phi-4-mini-instruct,KDE_Prompt,0.8450376,0.0043910386704692035,0.40749350816914864,0.02235537170678861,0.6092348839267993,0.02069011273653937,5.166578262944208,0.09479829938461919,,,,,,,,
Synthetic,diagonal,Phi-4-mini-instruct,MINE_Pair,0.8564246666666666,0.005981702320642289,0.3903194591308476,0.07687930725797316,0.6153189357784867,0.016409600648792617,26.24878735453381,6.751490345356595,,,,,,,,
Synthetic,diagonal,Phi-4-mini-instruct,MINE_Prompt,0.8601620000000001,0.003110726049583248,0.4727893422138297,0.0315303134674497,0.6177425274329241,0.010058879370927299,44.49576944602659,11.138660922148935,,,,,,,,
Synthetic,diagonal,Phi-4-mini-instruct,PMI_Pair,0.8554779333333332,0.006505668445671028,0.38326538945506533,0.05186481059622214,0.660449853443447,0.011982698498077538,1.523098876084363,0.18340165560663554,,,,,,,,
Synthetic,diagonal,Phi-4-mini-instruct,PMI_Prompt,0.8583228,0.00401924862450134,0.48982421685630967,0.012745270310498692,0.6635701886783345,0.009175247637799198,1.7279401989219292,0.25103981049381624,,,,,,,,
Synthetic,diagonal,Qwen3-0.6B,Direct_MEEP,0.5375382637113193,0.007982828850228637,0.006398577390826955,0.01838031561957735,0.02050645942659668,0.022459269065890013,6.021031588599854,0.054068986606088026,,,,,,,,
Synthetic,diagonal,Qwen3-0.6B,InfoNCE_Pair,0.8328727,0.007956132447329203,0.26251207157207856,0.033243950789544244,0.4403843419132173,0.026865087758639113,14.998420578476336,2.4264417349355893,,,,,,,,
Synthetic,diagonal,Qwen3-0.6B,InfoNCE_Prompt,0.7870922333333333,0.009074438195496668,0.0866953752753213,0.03028761255714669,0.38692356181207205,0.026183368057810994,8.499718704748418,6.520563875412526,,,,,,,,
Synthetic,diagonal,Qwen3-0.6B,KDE_Pair,0.8370443000000002,0.002455947897452174,0.2804585138868319,0.019196351509312225,0.4700788274178418,0.021945562755959967,5.1795141609949,0.04758150286980005,,,,,,,,
Synthetic,diagonal,Qwen3-0.6B,KDE_Prompt,0.7698674333333334,0.004645332042611232,0.2580349537382839,0.015842818613859735,0.38096390052545037,0.009744386455075698,8.335618797913217,0.04094313810767534,,,,,,,,
Synthetic,diagonal,Qwen3-0.6B,MINE_Pair,0.8433614,0.005228582608285553,0.4054975245727902,0.029979700856151783,0.42306544844520433,0.09775089730900839,180.8929357912514,56.69056204379013,,,,,,,,
Synthetic,diagonal,Qwen3-0.6B,MINE_Prompt,0.8241499000000001,0.004356461852173729,0.36713693214407417,0.036901397921148785,0.5184302431779918,0.024845226192844405,58.64540408258733,91.3877825595797,,,,,,,,
Synthetic,diagonal,Qwen3-0.6B,PMI_Pair,0.8259378333333333,0.06859348475063877,0.35103100539257287,0.2598458742643334,0.4383809289803353,0.23710733337160875,7.045399934517254,2.866181346466037,,,,,,,,
Synthetic,diagonal,Qwen3-0.6B,PMI_Prompt,0.8098449333333333,0.0031384478351390134,0.36583539624962563,0.007727133841413945,0.5245902317001829,0.011993356057386165,3.2103082340946556,0.933904772356055,,,,,,,,
Synthetic,diagonal,Qwen3-1.7B,Direct_MEEP,0.5431195278109965,0.011236827069357642,0.05264027315483286,0.013472423491328787,0.04841916364624416,0.023933012577712912,5.926092275549121,0.08202655563148063,,,,,,,,
Synthetic,diagonal,Qwen3-1.7B,InfoNCE_Pair,0.8276654666666667,0.01799450289803037,0.25201388068793157,0.08987287301842144,0.43312700691394823,0.05361083448205824,9.664564420291303,2.0870897837806255,,,,,,,,
Synthetic,diagonal,Qwen3-1.7B,InfoNCE_Prompt,0.8186421666666666,0.005316668449581659,0.2967390699152377,0.03191626092339071,0.5445735849506915,0.030395821383487974,9.88371540770654,8.883123110961114,,,,,,,,
Synthetic,diagonal,Qwen3-1.7B,KDE_Pair,0.830462,0.005060755851813664,0.3131784355698556,0.012517048282223173,0.40256958477189153,0.015423686386430806,7.368253110339123,0.3439424440951482,,,,,,,,
Synthetic,diagonal,Qwen3-1.7B,KDE_Prompt,0.8018923000000001,0.0018994940898097576,0.22170376643450904,0.015466356784375735,0.39156468967658997,0.009026105307177238,6.75612135816074,0.08576698988568113,,,,,,,,
Synthetic,diagonal,Qwen3-1.7B,MINE_Pair,0.8558769333333334,0.006389009910254766,0.4889950507525077,0.04915478976216275,0.4686412324265013,0.03254010992983695,67.40406600721181,22.711720017815043,,,,,,,,
Synthetic,diagonal,Qwen3-1.7B,MINE_Prompt,0.8395752,0.004523646027327418,0.45917904810723426,0.008724353656654787,0.5885938917410856,0.020650220127581706,52.90773830681176,11.389706882934846,,,,,,,,
Synthetic,diagonal,Qwen3-1.7B,PMI_Pair,0.8634085333333333,0.004207344948948784,0.4574361671140765,0.03798427983810398,0.5712545701798362,0.018140428835374183,2.9242217892110616,0.13906664212686293,,,,,,,,
Synthetic,diagonal,Qwen3-1.7B,PMI_Prompt,0.8322953333333333,0.004109150633714413,0.46808758442610154,0.016188808986353474,0.6083234456692406,0.007765377117936102,2.545478161564534,0.7621315892262208,,,,,,,,
Synthetic,diagonal,Qwen3-4B,Direct_MEEP,0.556960330200858,0.01750877053109361,0.011953128826482307,0.04442466714273069,0.05006761695036668,0.03545908498120996,5.947955953235531,0.16110715854783347,,,,,,,,
Synthetic,diagonal,Qwen3-4B,InfoNCE_Pair,0.8406951666666667,0.007230466229972839,0.28485369027629115,0.07574334115212009,0.48824018874213,0.013877379066784505,7.36105661537361,1.3026767524199823,,,,,,,,
Synthetic,diagonal,Qwen3-4B,InfoNCE_Prompt,0.8289977666666667,0.006450759492967611,0.20152194242143984,0.01775335738569765,0.5492170287656696,0.01521819126852194,4.61192140569379,1.8410395734916003,,,,,,,,
Synthetic,diagonal,Qwen3-4B,KDE_Pair,0.8358363000000001,0.004800119031220899,0.3644512080048482,0.012095871505211419,0.4908079677666886,0.008670904838253477,9.930929200687697,0.1874600894943911,,,,,,,,
Synthetic,diagonal,Qwen3-4B,KDE_Prompt,0.8328447000000001,0.0033840895447996054,0.3818883224717578,0.020576637224017754,0.5433681651659633,0.007046516800576769,5.641636993730049,0.08039511073482226,,,,,,,,
Synthetic,diagonal,Qwen3-4B,MINE_Pair,0.8627915999999999,0.005010505622356465,0.46359359375021103,0.05695187751786049,0.533272833886534,0.03382431384657306,51.172939393864354,10.705491948909309,,,,,,,,
Synthetic,diagonal,Qwen3-4B,MINE_Prompt,0.8542413,0.0019725137635063835,0.4452553194696467,0.021983265049676307,0.6106875464180307,0.013835045475773732,26.183478060880145,9.450895314384924,,,,,,,,
Synthetic,diagonal,Qwen3-4B,PMI_Pair,0.8686103666666666,0.002839168768710701,0.4287361645494664,0.06446088091678534,0.6191583972802424,0.027092612041648992,2.106013505886253,0.3531438934833785,,,,,,,,
Synthetic,diagonal,Qwen3-4B,PMI_Prompt,0.8469358666666666,0.0027720387488273197,0.45781108572692053,0.008560045066191586,0.6294159603288905,0.006622987366783172,1.9420400365240105,0.25722282097225524,,,,,,,,
Synthetic,diagonal,Qwen3-8B,Direct_MEEP,0.6762877564511737,0.004446281029064957,0.20667405154332585,0.013031859134084889,0.32117022785218224,0.029395015878510018,5.231465841407635,0.06730827694541085,,,,,,,,
Synthetic,diagonal,Qwen3-8B,InfoNCE_Pair,0.8202368999999999,0.007679184400956193,0.12714173407085042,0.06766568043804164,0.4346417074431617,0.04156254543416244,12.138410745076087,1.771318576890377,,,,,,,,
Synthetic,diagonal,Qwen3-8B,InfoNCE_Prompt,0.8382178666666666,0.004286808307341167,0.26395292670322557,0.02220515991002511,0.5983649596627585,0.036478672631240404,2.3965820542466396,1.458564511659801,,,,,,,,
Synthetic,diagonal,Qwen3-8B,KDE_Pair,0.8180493666666667,0.003965965446423153,0.32630896512696683,0.015442544628765304,0.41918449015012305,0.013519930596654205,25.170644983940065,1.1841045580205403,,,,,,,,
Synthetic,diagonal,Qwen3-8B,KDE_Prompt,0.8385974,0.0031767654334943257,0.41323348780306385,0.018642382016756918,0.5938258808419572,0.009607996945720653,5.115304781360889,0.11353637142175596,,,,,,,,
Synthetic,diagonal,Qwen3-8B,MINE_Pair,0.8584151,0.005220207581015259,0.4120029107259442,0.03183987790485901,0.5943365601443267,0.01009629711406923,26.0757370257501,2.7294854924707495,,,,,,,,
Synthetic,diagonal,Qwen3-8B,MINE_Prompt,0.8569675333333333,0.0035833735993861947,0.46406039807646876,0.01630876338579107,0.6371986737766528,0.0068257107449383285,7.802457429763893,3.5339245527783216,,,,,,,,
Synthetic,diagonal,Qwen3-8B,PMI_Pair,0.8581576999999999,0.0054610843072699965,0.37671560421352757,0.012670043981559603,0.6255495696179916,0.012194822571267434,1.9823717272973682,0.29617286325017655,,,,,,,,
Synthetic,diagonal,Qwen3-8B,PMI_Prompt,0.8519982,0.0043288848920170365,0.46147679967768107,0.010179360022223716,0.6586290824448262,0.0077082731918647895,1.7688223875255826,0.20741576018702068,,,,,,,,
Synthetic,diagonal,meta-llama-Llama-3.2-3B-Instruct-FP16,Direct_MEEP,0.6257825934617964,0.005891315020940575,0.16792896658278306,0.026765384538386054,0.20042636192903887,0.02140076915788409,5.578376567747983,0.05336989517131416,,,,,,,,
Synthetic,diagonal,meta-llama-Llama-3.2-3B-Instruct-FP16,InfoNCE_Pair,0.8440412333333335,0.009340739118090292,0.26998275066740757,0.10917869303431238,0.46891265091416284,0.05013372370315724,10.543398657969538,1.5620131118324938,,,,,,,,
Synthetic,diagonal,meta-llama-Llama-3.2-3B-Instruct-FP16,InfoNCE_Prompt,0.8376123,0.0027172156894104326,0.2568217093065991,0.024441780748782116,0.5982136147789421,0.027905944975463448,2.3995277577800826,0.45600678826504176,,,,,,,,
Synthetic,diagonal,meta-llama-Llama-3.2-3B-Instruct-FP16,KDE_Pair,0.8477919,0.0027100943239017935,0.3918474113890297,0.011691274403380919,0.5155273164852645,0.011255194311963587,19.85247457082423,0.9171410036406329,,,,,,,,
Synthetic,diagonal,meta-llama-Llama-3.2-3B-Instruct-FP16,KDE_Prompt,0.840694,0.0032987837026192497,0.38443962258852327,0.021929192610900854,0.5903869017713209,0.00431807704148594,5.027817290323221,0.12934644109432178,,,,,,,,
Synthetic,diagonal,meta-llama-Llama-3.2-3B-Instruct-FP16,MINE_Pair,0.8726927666666666,0.004525008673410944,0.4716457129897191,0.05039478966128117,0.512890924811243,0.015624167000876661,88.53171797371814,13.31946784252653,,,,,,,,
Synthetic,diagonal,meta-llama-Llama-3.2-3B-Instruct-FP16,MINE_Prompt,0.8540846333333334,0.0041490252643777035,0.4754839030605951,0.019644333643546345,0.633782408082842,0.016809078004141317,12.4493994730747,2.6474795084797527,,,,,,,,
Synthetic,diagonal,meta-llama-Llama-3.2-3B-Instruct-FP16,PMI_Pair,0.8791935666666666,0.001968741390104671,0.4980372452596658,0.017770689741070888,0.6253512528616972,0.02740827447199015,3.0277408731481166,0.38151358113441847,,,,,,,,
Synthetic,diagonal,meta-llama-Llama-3.2-3B-Instruct-FP16,PMI_Prompt,0.8477214,0.003598755397510577,0.4778923201621622,0.014322870400470587,0.6470590439907283,0.017106162634076133,2.0932654129754056,0.535363792218054,,,,,,,,
Synthetic,independent,Phi-4-mini-instruct,InfoNCE_Pair,0.5015913000000001,0.0024332337633738146,-0.011556675360218168,0.015036279879248823,-0.015165163404220689,0.018078096220473204,9.786410581510472,10.345409688120117,,,,,,,,
Synthetic,independent,Phi-4-mini-instruct,InfoNCE_Prompt,0.5156506333333334,0.0015526244197773156,0.08612156132387064,0.026176812146704607,0.07930332118413042,0.025984044921851142,5.817139998407876,6.019306092319349,,,,,,,,
Synthetic,independent,Phi-4-mini-instruct,KDE_Pair,0.5239415000000001,0.010630257587424701,0.08783396764048927,0.022201850185846642,0.10214589746206608,0.02464724661212297,16.90426230903306,0.8810071725632255,,,,,,,,
Synthetic,independent,Phi-4-mini-instruct,KDE_Prompt,0.5159784333333334,0.0036742423814683247,0.025149985526199826,0.021371856046315876,0.013727966356485067,0.010794666421339834,3.3337520854901457,0.1299559558981686,,,,,,,,
Synthetic,independent,Phi-4-mini-instruct,MINE_Pair,0.5036749666666667,0.002697427306712851,0.00026969246865057915,0.054676579361496475,0.006719142126599286,0.02586008178507799,0.5402468818466104,0.1760418061328973,,,,,,,,
Synthetic,independent,Phi-4-mini-instruct,MINE_Prompt,0.522326,0.005159992973455543,0.12034428136558502,0.01651805702917183,0.09753411323424942,0.014038058127859913,27.307503562861456,52.60922397586265,,,,,,,,
Synthetic,independent,Phi-4-mini-instruct,PMI_Pair,0.5174429,0.015819921469902715,0.07789019682687454,0.08174275666192005,0.08174007202911744,0.09086274699084913,0.22928981331295484,0.011965713672920814,,,,,,,,
Synthetic,independent,Phi-4-mini-instruct,PMI_Prompt,0.5115493,0.007306159821608625,0.122084597871677,0.02492472768660547,0.11044226057257145,0.009391651127760973,0.25545327610095103,0.0351004326367365,,,,,,,,
Synthetic,independent,Qwen3-0.6B,Direct_MEEP,0.5040928357932984,0.009897321888636457,-0.023005725169960106,0.020357437191540276,-0.008112759946621565,0.012863392265542468,1.2312350008282755,0.010897286421753583,,,,,,,,
Synthetic,independent,Qwen3-0.6B,InfoNCE_Pair,0.5418378333333334,0.011388279611683625,0.1801357002132376,0.04252926335681081,0.19827307559809362,0.057217313222580356,15.48548763998571,4.376240323780678,,,,,,,,
Synthetic,independent,Qwen3-0.6B,InfoNCE_Prompt,0.5133515,0.005186211056734977,0.008019325391014734,0.010955770173518394,0.03395907076072658,0.01708265627533383,23.00669357375166,40.96245336807076,,,,,,,,
Synthetic,independent,Qwen3-0.6B,KDE_Pair,0.5312939,0.008100831893666522,0.14399094942547075,0.02228069217350163,0.1518003465330064,0.013169321847480256,1.8659433955656546,0.026968905483857015,,,,,,,,
Synthetic,independent,Qwen3-0.6B,KDE_Prompt,0.5119453,0.003926093415286499,0.029764075943567635,0.010872558852330513,0.021165947715517032,0.01922566952478222,1.478533222223502,0.007161734102716679,,,,,,,,
Synthetic,independent,Qwen3-0.6B,MINE_Pair,0.5606380666666666,0.011001501979906599,0.3029005302359346,0.029306389007111328,0.2787916789216962,0.03067608056154243,104.0459763527172,26.53857757429131,,,,,,,,
Synthetic,independent,Qwen3-0.6B,MINE_Prompt,0.5232284,0.00863057303813985,0.04046733001817369,0.020333258325392282,0.060989318991986216,0.01288811203081569,11.44750416144158,9.987572514005029,,,,,,,,
Synthetic,independent,Qwen3-0.6B,PMI_Pair,0.5627643,0.010704083137989918,0.31813137595984453,0.029299400757937966,0.309717248215566,0.03784793450122096,5.445772085696061,2.5571485127473284,,,,,,,,
Synthetic,independent,Qwen3-0.6B,PMI_Prompt,0.5076382333333334,0.005834356810928031,0.005822577879524412,0.045511765997117974,0.018035468142677893,0.034111381912409644,0.22809541106221962,0.009309385099283408,,,,,,,,
Synthetic,independent,Qwen3-1.7B,Direct_MEEP,0.5053102803199299,0.006024106132594268,-0.005171944797526554,0.02516485573206118,-0.005508690945413763,0.029321670698995654,1.2232289096391542,0.024929097000137672,,,,,,,,
Synthetic,independent,Qwen3-1.7B,InfoNCE_Pair,0.5412714,0.01218826606857318,0.19376958902701197,0.022974097064370664,0.19080237742172007,0.015713444569504888,3.7494810399545484,2.916906644340843,,,,,,,,
Synthetic,independent,Qwen3-1.7B,InfoNCE_Prompt,0.5108197666666667,0.00539457142077927,0.005187343154885557,0.02214370741745082,0.04503140008316177,0.033119747649358884,7.843608419859619,11.020966456563722,,,,,,,,
Synthetic,independent,Qwen3-1.7B,KDE_Pair,0.5287607999999999,0.008443512081441258,0.09298512091591879,0.032176635351657906,0.10163813926729368,0.023218064333679126,6.020331316860579,0.24899868549098544,,,,,,,,
Synthetic,independent,Qwen3-1.7B,KDE_Prompt,0.5133707000000001,0.009985410484663287,0.027850800582000512,0.023590431892203143,0.0006151156066807634,0.0206353389372744,1.959053201986812,0.03232725326427209,,,,,,,,
Synthetic,independent,Qwen3-1.7B,MINE_Pair,0.5641883333333333,0.007403267617523159,0.34242202465616306,0.034112554101140655,0.3346919405371362,0.04353896284851954,2.2890883361507877,0.6603189640333423,,,,,,,,
Synthetic,independent,Qwen3-1.7B,MINE_Prompt,0.5172001666666667,0.005992660660480175,0.10759667599597482,0.02252847402061609,0.12833747548883412,0.03228394144452091,21.327892030032686,16.6929106345809,,,,,,,,
Synthetic,independent,Qwen3-1.7B,PMI_Pair,0.5737099,0.005383525660393087,0.36549073674148225,0.025454107207024592,0.3667243242033383,0.029800387112490008,0.5907454369279926,0.08760530517285417,,,,,,,,
Synthetic,independent,Qwen3-1.7B,PMI_Prompt,0.5209128333333333,0.004185808422847101,0.05449542892897165,0.029260572777705825,0.07586827336033301,0.026977953242176975,0.2517960422259033,0.013057855713340822,,,,,,,,
Synthetic,independent,Qwen3-4B,Direct_MEEP,0.500311414642659,0.006926120296270953,-0.022199162543094796,0.025501029862738517,-0.024726745896572786,0.01613901881508043,1.2416892147043614,0.017720521966928977,,,,,,,,
Synthetic,independent,Qwen3-4B,InfoNCE_Pair,0.5451459666666667,0.01216054217392832,0.21895922653296288,0.08192988772795722,0.23272000343629623,0.06754174177801603,2.7807330708773312,1.2573409256149335,,,,,,,,
Synthetic,independent,Qwen3-4B,InfoNCE_Prompt,0.5156135666666666,0.0033665812068361116,0.03705253586873026,0.017431588568840715,0.03271447539810441,0.015536626329465007,3.1878636039463153,3.2897731705171855,,,,,,,,
Synthetic,independent,Qwen3-4B,KDE_Pair,0.5278499,0.004222119775328806,0.08287916504990481,0.030329317916001297,0.07304259311227647,0.025139604720055723,10.5712641035615,0.30810027982965577,,,,,,,,
Synthetic,independent,Qwen3-4B,KDE_Prompt,0.5197110333333332,0.007843686775221027,0.04841461355712834,0.01812065873563287,0.02860986232893183,0.01764199196163208,1.6991200935479422,0.01807607420437908,,,,,,,,
Synthetic,independent,Qwen3-4B,MINE_Pair,0.5672288,0.007971851341508499,0.3830024459562483,0.012303723931705817,0.3824815974498093,0.018584722439865437,2.3850268963925187,1.0757546322058797,,,,,,,,
Synthetic,independent,Qwen3-4B,MINE_Prompt,0.5179050333333333,0.0035060747428966557,0.046752171177393026,0.028814827145097557,0.0513344889292785,0.017268433568016158,19.03433041068481,25.26292048455001,,,,,,,,
Synthetic,independent,Qwen3-4B,PMI_Pair,0.5753248,0.006233958023955925,0.42541626898555346,0.01744541207642431,0.42490122203617675,0.010887359076392843,0.554162911511238,0.12736795265751502,,,,,,,,
Synthetic,independent,Qwen3-4B,PMI_Prompt,0.5107865666666667,0.0034073724595027693,0.04350839184701663,0.03203797215362226,0.04604213531892026,0.018449465205736988,0.25582701618759635,0.006148591076965641,,,,,,,,
Synthetic,independent,Qwen3-8B,Direct_MEEP,0.5017737601209697,0.0066084108938998,-0.021840244434695184,0.036215091035725885,-0.027146019340349492,0.025144905020276137,1.2456937128312853,0.025331784487721606,,,,,,,,
Synthetic,independent,Qwen3-8B,InfoNCE_Pair,0.5367408333333333,0.006409988486945774,0.20183834121837663,0.09324595868936418,0.20016619352643752,0.05583188154756347,2.127966721911334,0.38552578677449717,,,,,,,,
Synthetic,independent,Qwen3-8B,InfoNCE_Prompt,0.5209441,0.0011812288540141473,-0.011644842471610406,0.01800408428253909,0.01537909052143394,0.02335502558346244,3.5446727792910506,1.001105455564576,,,,,,,,
Synthetic,independent,Qwen3-8B,KDE_Pair,0.5246179666666666,0.004694899080976661,0.056111043141522,0.01992551843945719,0.06433626487256272,0.02122500951278228,27.009554645923266,0.6766412069658467,,,,,,,,
Synthetic,independent,Qwen3-8B,KDE_Prompt,0.5166364333333333,0.011569985960809652,0.04251229276658777,0.02179028061703941,0.01958409155123494,0.021142939197977155,4.731933531524871,0.1863850569656942,,,,,,,,
Synthetic,independent,Qwen3-8B,MINE_Pair,0.5656030333333333,0.007536563947221258,0.39093811146768265,0.02348596091729992,0.39057574182479915,0.027284043239195827,1.1952081115072934,0.3496834953620384,,,,,,,,
Synthetic,independent,Qwen3-8B,MINE_Prompt,0.5322279666666667,0.005753816642021161,0.0779571246072123,0.021749722201407896,0.08924784275040977,0.030143197362924062,5.926210988587241,7.211604140741286,,,,,,,,
Synthetic,independent,Qwen3-8B,PMI_Pair,0.5674004333333332,0.006002041949527584,0.3990984246328118,0.02028358474147043,0.4050270777980892,0.02466853169501186,0.39764883803489526,0.07536526928212119,,,,,,,,
Synthetic,independent,Qwen3-8B,PMI_Prompt,0.5243391666666667,0.007040276393327446,0.05719210549737497,0.0230855278095269,0.06783630460039984,0.026917554643958393,0.2529599714164604,0.00822915560569015,,,,,,,,
Synthetic,independent,meta-llama-Llama-3.2-3B-Instruct-FP16,Direct_MEEP,0.503941493375328,0.004951137879634978,0.009800641346289666,0.011900665917044435,0.013412101360989309,0.022115242102734904,1.208631625553233,0.019932632290487085,,,,,,,,
Synthetic,independent,meta-llama-Llama-3.2-3B-Instruct-FP16,InfoNCE_Pair,0.5563097666666666,0.006113452432727513,0.27765603444019055,0.03362712021818563,0.3152259045278928,0.02831547809527256,4.102454688701522,0.7948852644043641,,,,,,,,
Synthetic,independent,meta-llama-Llama-3.2-3B-Instruct-FP16,InfoNCE_Prompt,0.5125107666666666,0.002679645116946988,0.008378287876812083,0.01081626947685435,0.03607104466879828,0.014745827697676048,3.571065758420758,4.536264144523169,,,,,,,,
Synthetic,independent,meta-llama-Llama-3.2-3B-Instruct-FP16,KDE_Pair,0.5382861666666667,0.010939547925734589,0.17676948564356337,0.02332403983485851,0.19091561589153166,0.02045676613839872,25.57330663927912,1.0601571758255688,,,,,,,,
Synthetic,independent,meta-llama-Llama-3.2-3B-Instruct-FP16,KDE_Prompt,0.5183774666666666,0.011409639520671398,0.044685426751474765,0.026671873214897363,0.022210829209387405,0.016034574553593632,2.6167630636638917,0.09930039045444974,,,,,,,,
Synthetic,independent,meta-llama-Llama-3.2-3B-Instruct-FP16,MINE_Pair,0.5796170666666667,0.009010593700842708,0.42761550477833044,0.030755129178610827,0.44593407744700286,0.033635863285252,8.06165536013413,0.6176999022553955,,,,,,,,
Synthetic,independent,meta-llama-Llama-3.2-3B-Instruct-FP16,MINE_Prompt,0.5200495,0.006380933564360158,0.1083660132177475,0.02149222997636175,0.11909472393368552,0.024447844414489283,3.357012252861348,1.6486198791750053,,,,,,,,
Synthetic,independent,meta-llama-Llama-3.2-3B-Instruct-FP16,PMI_Pair,0.5822735,0.006320625919471029,0.46712885870508425,0.0315692219899284,0.49009750382388556,0.03218744116770039,0.986594295334751,0.08703451322716732,,,,,,,,
Synthetic,independent,meta-llama-Llama-3.2-3B-Instruct-FP16,PMI_Prompt,0.5167592666666667,0.007873651237760598,0.022031541531513526,0.024001904251196724,0.03858231395268955,0.022824352627743356,0.25184748912903465,0.009633348703864194,,,,,,,,
