dialog_key,annot_relevant_mean,score_PMI_Pair,score_MINE_Pair,score_InfoNCE_Pair,score_PMI_Prompt,score_MINE_Prompt,score_InfoNCE_Prompt,score_KDE_Pair,score_KDE_Prompt
human|zh/KdConv/KdConv-turn_eval.json,5.0,7.382109,8.537461,2.0300379,1.9787319,-17.217337,0.88901633,2.375159,-0.9024287
human|zh/KdConv/KdConv-turn_eval.json,5.0,8.233219,16.050373,3.6307778,4.3600693,-5.417427,-2.663599,2.3652406,0.77438664
human|zh/KdConv/KdConv-turn_eval.json,5.0,10.282547,16.81836,6.5647726,4.751743,2.243744,-1.5966988,2.0594792,1.8737018
human|zh/KdConv/KdConv-turn_eval.json,4.0,7.880735,13.520975,6.5551577,3.8454607,-14.448412,-2.3505797,1.7655731,1.5891813
human|zh/KdConv/KdConv-turn_eval.json,5.0,2.4436288,-3.0988102,0.09646166,4.0643306,6.9086075,2.6007583,0.6402124,-1.4751115
human|zh/KdConv/KdConv-turn_eval.json,5.0,11.588898,16.44233,2.0103302,3.6187654,-12.303456,-1.8923593,0.90574497,1.0227196
human|zh/KdConv/KdConv-turn_eval.json,3.333333333333333,12.061491,17.652151,4.3560386,-0.48015112,-19.147305,-5.227747,1.3349038,-6.184591
human|zh/KdConv/KdConv-turn_eval.json,5.0,6.6816134,9.587719,-3.220055,1.523764,-2.9948,-1.3744439,3.8161979,-1.3735926
human|zh/KdConv/KdConv-turn_eval.json,3.333333333333333,6.3558,7.9037895,4.8610754,2.353538,-15.4367485,1.6183867,0.388739,-1.217847
human|zh/KdConv/KdConv-turn_eval.json,5.0,9.549621,15.773983,-3.9944677,5.594228,8.551504,4.8704658,1.3654317,3.5469038
human|zh/KdConv/KdConv-turn_eval.json,5.0,10.73449,17.927681,4.3266954,3.555405,-10.004287,-1.1448328,1.1265831,3.4686
human|zh/KdConv/KdConv-turn_eval.json,5.0,8.659469,14.950754,4.0142207,5.7706556,10.796225,0.33978784,0.9565247,0.49488872
human|zh/KdConv/KdConv-turn_eval.json,4.666666666666667,10.786097,17.735132,8.468459,3.5553238,-8.493416,0.626619,2.3084471,0.28540376
human|zh/KdConv/KdConv-turn_eval.json,5.0,14.922268,19.205374,10.673305,3.5628166,-6.9487257,-2.3534126,5.7382264,0.6352406
human|zh/KdConv/KdConv-turn_eval.json,5.0,15.040756,19.20285,6.1674933,0.818892,-18.809086,-4.2378607,3.328085,0.860719
human|zh/KdConv/KdConv-turn_eval.json,5.0,6.4043417,9.245451,2.4734147,0.9051305,-17.280146,-2.8849692,-0.70594305,-0.5686671
human|zh/KdConv/KdConv-turn_eval.json,5.0,10.272762,16.80652,2.7812872,2.9972873,-9.521467,1.3038914,0.6893082,1.6179637
human|zh/KdConv/KdConv-turn_eval.json,4.333333333333333,5.278428,5.8691597,2.7061243,4.3943014,-2.643806,-1.8546958,1.1079199,2.9023373
human|zh/KdConv/KdConv-turn_eval.json,5.0,9.191299,15.017623,1.8255534,3.302274,-12.188557,0.9950707,1.0205545,1.930964
human|zh/KdConv/KdConv-turn_eval.json,4.0,7.777603,12.086239,0.6394018,3.8202238,-12.158644,-1.8735139,1.7764412,2.1375449
human|zh/KdConv/KdConv-turn_eval.json,5.0,9.128258,16.058434,-1.7965574,6.779495,18.267363,2.9643848,-1.3471408,2.4300077
human|zh/KdConv/KdConv-turn_eval.json,3.333333333333333,11.204075,17.172308,0.08239855,5.107882,1.0682151,4.415189,6.1442437,3.2135196
human|zh/KdConv/KdConv-turn_eval.json,4.333333333333333,3.2507958,0.73198915,-0.8436492,6.258522,12.418434,5.2060137,-0.32547125,3.504496
human|zh/KdConv/KdConv-turn_eval.json,5.0,9.158738,12.029869,0.7966924,5.050239,5.0679874,5.6745834,0.12873371,2.4265199
human|zh/KdConv/KdConv-turn_eval.json,5.0,11.060585,17.89301,2.9558957,6.481237,17.470642,5.956826,3.3210495,1.430059
human|zh/KdConv/KdConv-turn_eval.json,5.0,13.855424,19.164413,4.874806,1.3025949,-17.658752,-1.0418366,2.8786783,-0.2028672
human|zh/KdConv/KdConv-turn_eval.json,5.0,10.520996,16.661638,3.7026796,4.554556,2.5839148,-1.7158259,2.9932325,2.963206
human|zh/KdConv/KdConv-turn_eval.json,5.0,11.394695,17.73561,4.145319,-1.1918963,-19.419819,-4.6316223,2.4709084,-1.3141305
human|zh/KdConv/KdConv-turn_eval.json,5.0,10.8571005,17.897703,3.7214665,5.845454,14.859106,3.852868,1.9181491,1.8666778
human|zh/KdConv/KdConv-turn_eval.json,4.333333333333333,8.756913,14.403362,7.54497,4.9211965,6.8352537,4.1367455,0.9300652,1.9835172
human|zh/KdConv/KdConv-turn_eval.json,4.333333333333333,12.541427,18.607613,5.2485332,2.9303498,-8.292901,0.57370925,2.5012808,2.0983925
human|zh/KdConv/KdConv-turn_eval.json,5.0,15.467486,19.60567,6.6682253,4.8710403,11.942204,2.6917024,1.8952676,3.1682484
human|zh/KdConv/KdConv-turn_eval.json,5.0,14.234538,19.32833,6.4045687,5.6332154,16.338442,3.4338129,2.831541,1.423071
human|zh/KdConv/KdConv-turn_eval.json,4.0,1.7666411,-3.1571226,2.368557,2.2734916,-16.126007,-3.8380299,1.044122,0.37978807
human|zh/KdConv/KdConv-turn_eval.json,5.0,3.048452,2.6570022,2.3991446,2.039169,-18.401678,-5.6959443,0.89964765,1.8935672
human|zh/KdConv/KdConv-turn_eval.json,5.0,2.8245196,2.4707494,-5.798533,3.8481274,-9.040672,-1.1442957,1.1046897,2.7382703
human|zh/KdConv/KdConv-turn_eval.json,5.0,13.42231,18.31562,7.266803,2.620376,-13.504161,-2.4704,1.5730196,0.72852445
human|zh/KdConv/KdConv-turn_eval.json,3.333333333333333,-1.1039262,-10.856338,-3.182414,0.3468176,-19.195446,-3.2708707,-0.36704567,-0.43026972
human|zh/KdConv/KdConv-turn_eval.json,5.0,-5.3579473,-16.721813,-4.86218,2.8239737,-13.510356,-1.0131423,-1.2938969,-0.12590273
human|zh/KdConv/KdConv-turn_eval.json,5.0,1.1329157,-9.220626,-1.3158782,3.3508847,-15.93362,-1.5784158,-0.48997092,0.007584174
human|zh/KdConv/KdConv-turn_eval.json,5.0,-0.7535363,-9.74522,-0.035735562,-1.1396484,-19.690474,-1.5560304,-0.6168751,1.3084478
human|zh/KdConv/KdConv-turn_eval.json,5.0,4.9971204,3.028397,2.8789437,2.071568,-15.8467655,1.6653712,0.25050694,0.4834905
human|zh/KdConv/KdConv-turn_eval.json,5.0,10.221682,15.404364,6.20357,5.315029,16.533426,6.1634064,1.4987038,-0.0058366503
human|zh/KdConv/KdConv-turn_eval.json,4.0,5.3124876,7.1889954,3.7988157,4.5535398,2.986947,2.7848725,1.507008,2.0311852
human|zh/KdConv/KdConv-turn_eval.json,5.0,4.3131313,6.6538405,1.7929243,6.140432,11.637226,6.3475056,2.1031895,0.9934155
human|zh/KdConv/KdConv-turn_eval.json,5.0,-2.889421,-14.356447,-1.4225874,1.2073364,-18.423698,-1.3387574,0.7747353,0.8911325
human|zh/KdConv/KdConv-turn_eval.json,5.0,10.321985,15.541778,3.200787,6.89546,16.589977,3.1615949,0.8870422,2.6214833
human|zh/KdConv/KdConv-turn_eval.json,5.0,9.0952835,15.8487625,2.4952068,2.4191048,-16.433641,2.189907,2.438202,1.9774097
human|zh/KdConv/KdConv-turn_eval.json,5.0,0.74098337,-4.115436,-0.75797975,0.3600115,-19.483368,-5.359483,0.9395996,0.19105159
human|zh/KdConv/KdConv-turn_eval.json,5.0,0.4567418,-9.287657,-0.46017963,-0.19446713,-19.54407,-5.18454,-0.56903386,-1.269113
human|zh/KdConv/KdConv-turn_eval.json,5.0,-0.4091578,-10.865655,-6.180343,4.3040476,-2.3034317,-3.1648657,-0.6870553,1.210028
human|zh/KdConv/KdConv-turn_eval.json,5.0,5.6499166,5.2013917,0.22228494,4.07705,-7.5352025,-1.4709007,2.6347897,2.0148041
human|zh/KdConv/KdConv-turn_eval.json,5.0,7.524536,10.882416,6.062095,5.679271,13.260775,1.1914713,1.007554,0.7451265
human|zh/KdConv/KdConv-turn_eval.json,3.0,5.5044227,3.090706,-2.0770664,1.4933176,-19.105164,-3.7751307,-0.29001155,1.5018194
human|zh/KdConv/KdConv-turn_eval.json,5.0,14.297954,19.06912,10.435955,4.7738633,8.019575,4.910697,1.7076834,1.2533962
human|zh/KdConv/KdConv-turn_eval.json,5.0,12.087226,17.593864,7.7659063,5.8111877,10.615408,4.9029593,3.9222925,3.6153827
human|zh/KdConv/KdConv-turn_eval.json,5.0,11.884303,18.688745,5.836931,5.975523,4.177747,0.58242846,0.53095436,2.2353215
human|zh/KdConv/KdConv-turn_eval.json,4.0,-3.1242309,-14.258089,-1.0162628,2.870793,-13.301588,1.9636447,0.52336144,0.101454146
human|zh/KdConv/KdConv-turn_eval.json,5.0,4.986577,5.5086536,3.210721,4.7039304,-6.43105,4.737954,0.13194624,1.7298195
human|zh/KdConv/KdConv-turn_eval.json,5.0,9.333079,16.297667,0.82882416,3.757323,-1.8212013,1.9737391,1.7685484,1.2399119
human|zh/KdConv/KdConv-turn_eval.json,5.0,6.627605,12.083189,1.8327473,3.860614,4.9970665,5.205613,1.4724396,0.994027
human|zh/KdConv/KdConv-turn_eval.json,5.0,12.270174,18.202318,7.4087315,3.9628453,-9.62473,0.021203207,0.8025017,1.6362956
human|zh/KdConv/KdConv-turn_eval.json,5.0,8.90318,14.250703,0.27378207,4.329406,-8.046431,1.9965887,1.0752006,0.17801118
human|zh/KdConv/KdConv-turn_eval.json,3.0,8.651108,12.766745,1.9679215,6.193882,17.205341,3.901206,1.5809838,-1.4987239
human|zh/KdConv/KdConv-turn_eval.json,3.6666666666666665,8.68917,15.151037,-2.3949866,4.435027,9.891618,1.641208,1.4296136,0.92064875
human|zh/KdConv/KdConv-turn_eval.json,4.666666666666667,12.687805,18.701027,6.006059,6.800479,18.139387,6.199322,2.1974618,3.0610793
human|zh/KdConv/KdConv-turn_eval.json,5.0,6.1252236,4.24363,6.070416,3.6691484,5.1478558,2.9357643,0.1338372,0.08748478
human|zh/KdConv/KdConv-turn_eval.json,5.0,13.702555,19.121357,5.561033,5.981155,13.894973,2.9212918,0.73594755,2.7896197
human|zh/KdConv/KdConv-turn_eval.json,4.666666666666667,9.839778,16.502684,3.2655225,5.495203,15.665274,1.3843076,1.5442982,2.576598
human|zh/KdConv/KdConv-turn_eval.json,3.6666666666666665,11.1520815,17.16379,6.7449064,5.7661366,15.818486,3.820745,1.567513,2.6953876
human|zh/KdConv/KdConv-turn_eval.json,5.0,9.44301,16.284477,3.2229943,3.9562063,4.9248514,2.6641994,0.46800196,-0.39824504
human|zh/KdConv/KdConv-turn_eval.json,5.0,10.200664,17.761616,6.388104,5.689604,11.276176,3.7145658,1.5270926,2.4142468
human|zh/KdConv/KdConv-turn_eval.json,3.6666666666666665,13.075608,18.84745,4.608262,0.20456019,-19.288187,-5.7999773,0.8368424,-0.69866616
human|zh/KdConv/KdConv-turn_eval.json,5.0,10.557161,16.133394,3.1373312,3.5542572,-17.580051,-2.4563,2.09482,0.8161103
human|zh/KdConv/KdConv-turn_eval.json,5.0,9.264364,14.667217,6.1837077,5.025573,8.0536585,1.0688775,1.3694808,2.3134594
human|zh/KdConv/KdConv-turn_eval.json,5.0,5.6155295,8.067185,1.0686504,7.3270845,18.124813,0.83790904,-0.606419,2.380711
human|zh/KdConv/KdConv-turn_eval.json,5.0,-5.051733,-16.231735,-3.1849864,0.7605722,-18.64286,-2.5372543,-0.3685915,-1.4633659
human|zh/KdConv/KdConv-turn_eval.json,5.0,11.021931,17.447603,3.0270383,5.125451,7.1392326,-0.333488,0.9497331,2.31651
human|zh/KdConv/KdConv-turn_eval.json,5.0,5.2129717,6.1583967,1.5920625,4.0794263,-5.268724,-0.5178624,2.0738463,1.1121006
human|zh/KdConv/KdConv-turn_eval.json,5.0,12.065926,18.397505,3.9432154,6.17301,17.083685,3.9628634,2.360802,0.6880274
human|zh/KdConv/KdConv-turn_eval.json,5.0,5.849221,3.1716144,2.7564046,5.8547215,12.67622,-0.05060934,2.0850613,1.558399
human|zh/KdConv/KdConv-turn_eval.json,5.0,11.820397,18.70722,8.169706,5.692108,11.214773,2.943985,2.8231773,1.6495658
human|zh/KdConv/KdConv-turn_eval.json,5.0,12.683047,19.002525,6.378251,7.22234,17.211664,7.3863497,3.1423233,1.2132066
human|zh/KdConv/KdConv-turn_eval.json,3.0,12.426838,17.285389,0.7028184,3.8262389,-4.1778574,0.09483424,4.345913,3.0108914
human|zh/KdConv/KdConv-turn_eval.json,5.0,15.353962,19.501295,7.5041275,4.6444907,6.8665643,4.832049,4.5563817,0.40553385
human|zh/KdConv/KdConv-turn_eval.json,4.666666666666667,0.9696793,-7.909751,6.835129,4.34708,1.0410259,0.91241294,0.22077222,1.3173285
human|zh/KdConv/KdConv-turn_eval.json,4.666666666666667,4.6404867,6.977352,4.2864285,4.3712025,-9.624096,-0.27213106,0.2455628,0.85844666
human|zh/KdConv/KdConv-turn_eval.json,5.0,4.275979,10.808308,3.297976,5.4428253,7.913683,0.6867944,1.3530166,1.8340836
human|zh/KdConv/KdConv-turn_eval.json,5.0,12.866886,18.365906,3.5767236,3.5362494,-7.5302315,-0.54975843,1.7113209,1.7953596
human|zh/KdConv/KdConv-turn_eval.json,5.0,13.614204,19.107624,5.782153,3.7640717,-7.269335,2.213735,2.6411943,1.5156552
human|zh/KdConv/KdConv-turn_eval.json,4.333333333333333,6.8837547,13.9092655,3.1116784,7.826335,18.487959,6.3164835,0.8248778,2.115413
human|zh/KdConv/KdConv-turn_eval.json,5.0,6.207826,11.29007,-0.1088779,7.7074265,18.366343,5.4961734,2.4648352,2.5976565
human|zh/KdConv/KdConv-turn_eval.json,5.0,8.972856,15.835011,0.87334543,7.9219484,18.859816,5.308476,3.616508,4.1320677
human|zh/LCCC/LCCC-turn_eval.json,5.0,1.6672684,-3.4632235,1.4625185,3.1289477,-11.380608,1.1870904,-0.88819396,-0.36077982
human|zh/LCCC/LCCC-turn_eval.json,3.6666666666666665,0.3042416,-9.689049,-1.6782317,3.1257975,-9.146893,-0.13350315,-1.7704866,-0.87013954
human|zh/LCCC/LCCC-turn_eval.json,2.333333333333333,-0.7791746,-9.552266,-1.2331616,-0.8380972,-19.584358,-6.1091385,-0.69214463,-0.5986681
human|zh/LCCC/LCCC-turn_eval.json,1.6666666666666667,-1.1095064,-11.653638,-0.42695498,0.5483008,-19.192375,0.28425756,0.5441139,-0.97290325
human|zh/LCCC/LCCC-turn_eval.json,4.0,1.0765425,-7.8369946,-0.578849,2.1576183,-16.615818,-1.8597195,-1.6419327,-0.4530341
human|zh/LCCC/LCCC-turn_eval.json,5.0,1.5385952,-6.44895,0.36159563,0.4517822,-19.094942,-2.143672,0.6638768,-0.79674274
human|zh/LCCC/LCCC-turn_eval.json,3.6666666666666665,0.38232136,-10.561446,0.010965652,3.9916658,-6.6155567,-0.7727181,-0.2999364,1.234707
human|zh/LCCC/LCCC-turn_eval.json,1.6666666666666667,0.25325245,-11.19463,-0.94240856,1.7279186,-18.285164,-5.099812,-1.4749522,0.42259395
human|zh/LCCC/LCCC-turn_eval.json,4.333333333333333,-0.9381611,-11.335587,0.08134193,-0.6162864,-19.567749,-3.9963512,-0.45601112,-1.4639553
human|zh/LCCC/LCCC-turn_eval.json,1.6666666666666667,-3.0239055,-14.847034,-2.8631768,-0.14985453,-19.169127,-3.3646235,-1.0022436,-1.0160499
human|zh/LCCC/LCCC-turn_eval.json,4.666666666666667,-3.0398836,-14.581529,-2.0183172,0.9575089,-18.308746,-1.3760645,-0.8189835,0.05258097
human|zh/LCCC/LCCC-turn_eval.json,4.666666666666667,1.1620595,-8.703115,0.70889086,3.4951828,1.7313263,7.865093,0.2339705,-0.6124886
human|zh/LCCC/LCCC-turn_eval.json,5.0,0.7337874,-8.510837,-2.2776637,2.5485883,-14.648448,1.8215873,-2.10974,-0.9737061
human|zh/LCCC/LCCC-turn_eval.json,3.6666666666666665,-0.10063347,-8.909313,-1.6712778,3.0678835,-10.059608,0.6809806,-0.5582994,-0.50037986
human|zh/LCCC/LCCC-turn_eval.json,3.6666666666666665,0.9340167,-3.9392915,2.994243,4.0324006,-1.5032747,2.4225986,-1.5083313,-0.42254835
human|zh/LCCC/LCCC-turn_eval.json,3.6666666666666665,-1.432009,-11.972407,-0.43002874,0.7629136,-18.34909,-2.388906,-0.65841925,0.75408006
human|zh/LCCC/LCCC-turn_eval.json,1.0,-0.42951083,-11.319902,-1.3419057,-0.859877,-19.433022,-5.4966307,-1.1214159,-0.6145281
human|zh/LCCC/LCCC-turn_eval.json,4.333333333333333,-1.7133521,-12.554851,-2.5478354,-0.9837464,-19.401424,-3.5035777,-0.5845157,-0.66062117
human|zh/LCCC/LCCC-turn_eval.json,1.0,0.6537136,-1.860271,-2.1781979,-0.5608845,-19.057945,-2.3156414,-0.9694297,-1.718285
human|zh/LCCC/LCCC-turn_eval.json,3.6666666666666665,0.11435535,-9.5502405,-0.712343,-0.60123426,-19.35209,-4.704619,-0.37496212,-0.83055073
human|zh/LCCC/LCCC-turn_eval.json,4.0,1.2839972,1.0180807,-0.97616565,2.3258684,-17.695965,3.8041685,-1.8745526,2.1456325
human|zh/LCCC/LCCC-turn_eval.json,4.0,-0.043961313,-6.138114,-0.20230705,3.8204937,-7.29697,0.13593757,0.63128895,0.31794155
human|zh/LCCC/LCCC-turn_eval.json,4.0,-2.2458878,-12.425077,-6.7545605,4.408228,0.0418465,2.7924309,0.8624884,0.05560231
human|zh/LCCC/LCCC-turn_eval.json,3.6666666666666665,1.7522087,-3.0211115,1.8332798,2.325582,-16.43555,-3.2168248,-0.14940867,-0.9160671
human|zh/LCCC/LCCC-turn_eval.json,5.0,-2.5763724,-12.631948,-3.4395537,0.18856788,-19.63483,-2.4512956,-1.0584661,-1.149314
human|zh/LCCC/LCCC-turn_eval.json,5.0,1.8656139,-6.7567453,-0.38183767,0.3821874,-19.096655,-1.7608583,-3.9793832,-1.1817124
human|zh/LCCC/LCCC-turn_eval.json,3.0,0.34031868,-4.9261217,-3.6253202,0.9787297,-18.670147,-2.7635872,-3.15949,-1.1486447
human|zh/LCCC/LCCC-turn_eval.json,2.6666666666666665,2.416664,-4.4830165,1.0878323,0.46289298,-17.704762,-7.124455,3.1765115,-0.99306285
human|zh/LCCC/LCCC-turn_eval.json,4.333333333333333,1.018156,-7.1259904,0.14263171,-1.927589,-19.827137,-2.6800654,0.49597782,-1.1917881
human|zh/LCCC/LCCC-turn_eval.json,2.0,-0.28021586,-13.3677435,-5.1097913,-1.1943166,-19.614388,-4.4057426,-0.60630685,-1.4647648
human|zh/LCCC/LCCC-turn_eval.json,2.333333333333333,-1.6317327,-12.298849,-4.26338,4.3281393,-0.81991506,0.13582328,-1.5001917,-0.39221504
human|zh/LCCC/LCCC-turn_eval.json,5.0,2.6238852,-2.1142764,2.034894,1.6592532,-18.085827,1.1716905,-1.3118497,-0.9063366
human|zh/LCCC/LCCC-turn_eval.json,4.333333333333333,-0.33425704,-9.342468,-3.6533756,-0.38231757,-19.306305,-0.8824753,-1.5644788,0.00873987
human|zh/LCCC/LCCC-turn_eval.json,2.6666666666666665,-0.55360496,-12.029265,-0.78841424,1.7093244,-18.032785,-0.785463,-1.3068949,-0.53363323
human|zh/LCCC/LCCC-turn_eval.json,4.333333333333333,0.454916,-5.366191,0.9357869,3.5348172,-2.0488884,2.3213015,-0.450282,-0.52883315
human|zh/LCCC/LCCC-turn_eval.json,2.333333333333333,-3.983356,-14.704077,-10.407023,0.7982205,-18.268517,-2.225762,-3.4078732,-0.48863047
human|zh/LCCC/LCCC-turn_eval.json,3.6666666666666665,1.9752741,0.22508922,3.14602,0.8210733,-18.784254,-4.628107,1.004323,-0.8441961
human|zh/LCCC/LCCC-turn_eval.json,1.0,2.9313753,-5.254448,0.6387406,-0.040312007,-19.504053,-6.9173403,-0.7244002,-0.13867167
human|zh/LCCC/LCCC-turn_eval.json,1.6666666666666667,0.49071786,-8.520029,0.4817229,-3.1680605,-19.959587,-7.0409036,-1.0818833,-1.005583
human|zh/LCCC/LCCC-turn_eval.json,3.6666666666666665,-0.04171705,-10.222181,-3.5574589,0.068090074,-19.477184,-2.8987246,-0.2877369,-0.87905085
human|zh/LCCC/LCCC-turn_eval.json,1.0,0.3967448,-8.335329,1.9355822,0.47551423,-18.821495,-3.073925,-0.18049435,-0.8412994
human|zh/LCCC/LCCC-turn_eval.json,3.0,-1.0467795,-12.268393,-2.4931426,1.421395,-18.442457,-1.1813805,-1.0278814,-1.3280041
human|zh/LCCC/LCCC-turn_eval.json,4.333333333333333,-1.0067255,-13.102791,-1.854586,0.15097862,-19.35514,-3.6925843,-2.0429237,-0.48244658
human|zh/LCCC/LCCC-turn_eval.json,1.6666666666666667,1.2511612,-2.717779,0.93380654,2.0172431,-17.504053,-2.9697094,-0.40381846,-0.6040109
human|zh/LCCC/LCCC-turn_eval.json,4.333333333333333,0.60058266,-9.948048,-4.439513,-1.6416945,-19.720736,-6.7208805,-1.66863,-3.4374716
human|zh/LCCC/LCCC-turn_eval.json,4.333333333333333,0.21488887,-3.7478485,0.033068337,2.5230207,-13.49217,2.7346218,-0.739078,-0.94207656
human|zh/LCCC/LCCC-turn_eval.json,3.6666666666666665,0.17373882,-8.329659,-0.29638436,0.5184574,-18.571146,-2.5175238,-1.3057629,0.848131
human|zh/LCCC/LCCC-turn_eval.json,2.333333333333333,2.9540489,-0.9959351,2.1379619,-0.14347857,-18.75282,-3.8778124,0.6164629,-1.0578496
human|zh/LCCC/LCCC-turn_eval.json,1.6666666666666667,0.019193416,-9.538976,-0.29778537,0.2595814,-19.470533,-3.2750785,-0.96585083,-0.0427843
human|zh/LCCC/LCCC-turn_eval.json,4.333333333333333,-1.6090591,-12.13389,-4.177945,-0.2721488,-19.616604,-6.0550594,-1.1273619,-1.0511249
human|zh/LCCC/LCCC-turn_eval.json,2.333333333333333,-0.27460432,-11.44809,-4.0878735,5.002653,-1.0998639,-1.6858041,-0.3402997,2.0890017
human|zh/LCCC/LCCC-turn_eval.json,3.6666666666666665,1.1610947,-4.555294,-0.7738807,-2.2243242,-19.69069,-4.387404,-1.3893491,-3.7123291
human|zh/LCCC/LCCC-turn_eval.json,3.0,-3.3449998,-13.557992,-3.2520323,0.9599587,-18.596186,2.1990087,-2.26479,-0.51134133
human|zh/LCCC/LCCC-turn_eval.json,1.6666666666666667,-1.6648544,-12.0828285,-2.6301658,-0.9232737,-19.738571,-6.546417,-1.4056247,-0.5963417
human|zh/LCCC/LCCC-turn_eval.json,4.0,0.8798804,-6.4469047,0.16458419,2.1689365,-17.705757,-2.4252799,-1.5805072,-0.74875885
human|zh/LCCC/LCCC-turn_eval.json,4.666666666666667,-0.10590948,-8.633728,-2.3802593,0.60083985,-19.000332,0.21395631,-1.0886717,-2.216217
human|zh/LCCC/LCCC-turn_eval.json,3.0,1.0100814,-7.3943043,0.93932116,0.010047811,-19.324371,-2.0223424,-2.0650833,-0.79572743
human|zh/LCCC/LCCC-turn_eval.json,3.0,0.08512113,-9.831112,-0.97816706,1.2331555,-17.000687,0.099654526,-1.259673,0.2168366
human|zh/LCCC/LCCC-turn_eval.json,4.333333333333333,2.7592132,1.2317168,-1.5087667,0.19868755,-19.552292,-1.8796661,0.48122662,-1.0094168
human|zh/LCCC/LCCC-turn_eval.json,2.333333333333333,0.8681942,-5.1256137,1.7603695,-0.778172,-19.537613,-2.6973143,-0.5560904,-1.6020732
human|zh/LCCC/LCCC-turn_eval.json,1.0,-3.318181,-9.898593,-5.5654554,-1.9079672,-19.725359,-7.00052,-1.8057868,-1.0642892
human|zh/LCCC/LCCC-turn_eval.json,3.0,1.2913334,-5.8444905,1.4032341,-1.5371463,-19.742096,-5.8106318,-0.8119431,-1.3504936
human|zh/LCCC/LCCC-turn_eval.json,4.333333333333333,1.454391,-8.773554,3.422291,-0.52977383,-18.990887,-5.4474087,-0.4962614,-1.5343671
human|zh/LCCC/LCCC-turn_eval.json,3.0,-2.8333082,-14.3614435,-5.9410353,0.28914115,-19.122433,-3.9850757,-0.35457996,-0.35143808
human|zh/LCCC/LCCC-turn_eval.json,5.0,-0.036004376,-9.173998,0.33743703,6.437137,17.691896,-1.8135269,0.58430725,-0.39717436
human|zh/LCCC/LCCC-turn_eval.json,5.0,-1.7113327,-10.821104,-0.108085886,2.707765,-17.822844,1.1558416,0.024127422,-0.17386632
human|zh/LCCC/LCCC-turn_eval.json,3.6666666666666665,-2.9130766,-12.870876,-5.6412325,3.9427915,-4.873691,-2.082823,-0.65887994,0.24094836
human|zh/LCCC/LCCC-turn_eval.json,1.0,-4.9845963,-16.510885,-5.884861,-0.0074279117,-19.023792,-3.926272,-2.5280921,-1.9455807
human|zh/LCCC/LCCC-turn_eval.json,5.0,-0.26824856,-7.8379087,2.3128467,1.0715396,-18.232986,-0.32693434,0.96249175,-1.3605355
human|zh/LCCC/LCCC-turn_eval.json,4.333333333333333,2.9824674,-2.7245471,1.2099996,0.44619468,-19.469576,-0.93926454,0.06651742,-0.9505033
human|zh/LCCC/LCCC-turn_eval.json,3.0,2.880199,-1.9613527,-2.087878,1.7362926,-18.345608,-0.16578576,-1.1700997,-0.8935852
human|zh/LCCC/LCCC-turn_eval.json,4.333333333333333,-0.57184064,-12.193022,-1.3306074,-1.7499874,-19.697777,-3.7436647,-1.0289311,-1.4665898
human|zh/LCCC/LCCC-turn_eval.json,3.6666666666666665,0.9972875,-4.5376434,-0.14132044,2.4666908,-18.23084,1.8614664,-0.41930148,-0.26068446
human|zh/LCCC/LCCC-turn_eval.json,3.0,1.077647,-4.5039124,-2.0016005,5.5564766,7.599296,3.7837589,-0.4400553,0.8543268
human|zh/LCCC/LCCC-turn_eval.json,3.6666666666666665,3.0602307,-2.7722833,0.44372857,-0.4771419,-19.554619,-4.2951593,1.6364117,-1.3983184
human|zh/LCCC/LCCC-turn_eval.json,3.6666666666666665,1.94435,-2.0550056,0.2625059,1.8452824,-17.867891,0.19166592,-0.6976456,-0.90467215
human|zh/LCCC/LCCC-turn_eval.json,2.333333333333333,3.8313959,-1.207532,3.1663136,-1.5118632,-19.91159,-4.873706,0.5965001,-0.7985677
human|zh/LCCC/LCCC-turn_eval.json,3.0,-0.6975495,-11.859712,-1.2483655,-0.10273314,-19.32941,-3.1553044,-0.96562934,-1.1358191
human|zh/LCCC/LCCC-turn_eval.json,3.0,0.36512616,-8.500168,-1.3511859,2.4989028,-6.163228,-2.0270135,-1.7854054,-0.3864319
human|zh/LCCC/LCCC-turn_eval.json,3.6666666666666665,-1.2614721,-11.790785,-2.7103546,2.6186733,-14.085962,2.8451133,-0.21578658,-0.3304257
human|zh/LCCC/LCCC-turn_eval.json,1.0,1.1001087,-8.689824,1.7681048,1.0741572,-18.63038,-3.8171422,0.600781,-1.032278
human|zh/LCCC/LCCC-turn_eval.json,3.6666666666666665,1.2302016,-4.614899,0.4442722,3.0867555,-13.038129,-2.2578664,-0.8223035,-0.45552808
human|zh/LCCC/LCCC-turn_eval.json,2.333333333333333,4.591321,4.0080595,3.658708,2.3286293,-17.087055,-3.1250587,-2.7786963,-0.4684118
human|zh/LCCC/LCCC-turn_eval.json,1.6666666666666667,2.2691197,-4.059473,0.17849378,-0.18737179,-19.247648,-6.863591,-1.2617052,-0.92826587
human|zh/LCCC/LCCC-turn_eval.json,3.0,1.2138432,-9.216858,1.978673,-0.48760965,-19.414673,-3.9301145,-1.017192,-1.0859904
human|zh/LCCC/LCCC-turn_eval.json,3.6666666666666665,1.2163024,-5.246478,2.0043283,3.993104,-2.706219,1.6340846,-0.86319524,-0.59147793
human|zh/LCCC/LCCC-turn_eval.json,3.6666666666666665,5.513163,7.876764,6.550477,0.21939936,-19.375149,-0.7071737,-0.19594651,-0.9226181
human|zh/LCCC/LCCC-turn_eval.json,4.333333333333333,1.0211611,-6.6981287,-2.3535147,3.4018292,-6.8987727,0.9618738,-0.39763927,0.6292735
human|zh/LCCC/LCCC-turn_eval.json,3.6666666666666665,1.5969468,-3.06574,1.4917021,3.9816084,9.970409,-1.1121843,-1.0874313,-0.00024650304
human|zh/LCCC/LCCC-turn_eval.json,1.0,0.11472062,-6.01717,0.73715836,-1.1346443,-19.756668,-5.5127316,-0.4061287,-1.1629428
human|zh/LCCC/LCCC-turn_eval.json,3.6666666666666665,2.7960458,-1.7793605,1.9350244,1.2903812,-18.233116,-2.0444112,-0.17071049,-0.8842877
human|zh/LCCC/LCCC-turn_eval.json,1.6666666666666667,1.4278024,-4.9236784,-0.6527189,1.0736407,-17.122316,-0.32140398,0.55961597,-1.1649839
human|zh/LCCC/LCCC-turn_eval.json,1.6666666666666667,4.0249143,0.5605922,0.46391875,0.8719516,-18.41649,-0.15321855,-0.29536656,-0.06527632
human|zh/LCCC/LCCC-turn_eval.json,3.6666666666666665,-0.009932677,-11.267597,-1.6906081,5.113893,10.917379,4.8678694,-0.6620041,0.51255924
human|zh/LCCC/LCCC-turn_eval.json,3.6666666666666665,-1.1721058,-12.321014,-0.30243376,3.9830563,-10.461377,2.6422768,-0.6038226,-0.2827491
human|zh/LCCC/LCCC-turn_eval.json,3.0,-0.41393936,-10.466863,-1.6347184,0.10518047,-18.405193,-3.8451948,-1.8365862,0.6100472
human|zh/LCCC/LCCC-turn_eval.json,3.6666666666666665,1.8006634,-5.75766,-0.3715322,2.2520728,-17.367552,-2.8523006,-0.25536552,-0.5227871
human|zh/LCCC/LCCC-turn_eval.json,2.333333333333333,-0.18892138,-10.590972,0.48910528,0.7439003,-17.570711,-4.212228,-2.7201958,-0.8227913
human|zh/LCCC/LCCC-turn_eval.json,3.0,-2.094731,-14.725821,-3.9640417,2.6348777,-13.110642,-1.4338698,-0.33803946,0.18389386
human|zh/LCCC/LCCC-turn_eval.json,1.0,0.67072403,-8.154189,0.64775103,-0.44249701,-19.511858,-6.3695993,-0.6516361,-0.7647761
human|zh/LCCC/LCCC-turn_eval.json,4.333333333333333,2.7128794,4.123054,0.27572417,0.8971472,-18.951803,-4.547394,-0.3736937,-2.4491043
human|zh/LCCC/LCCC-turn_eval.json,4.333333333333333,1.8934585,-6.2710266,3.6498353,0.15170375,-19.367004,-6.4948893,-0.17430092,-1.4787419
human|zh/LCCC/LCCC-turn_eval.json,2.333333333333333,-1.0715516,-12.153888,-2.6533887,0.38204715,-19.204899,-4.625294,-1.2836113,-1.5491468
human|zh/LCCC/LCCC-turn_eval.json,4.333333333333333,0.37699848,-8.053931,-1.5539825,0.22390798,-19.038725,-2.4809675,-0.8480481,-1.0053016
human|zh/LCCC/LCCC-turn_eval.json,4.333333333333333,-0.58309937,-11.71998,0.740155,0.2990663,-19.265347,-1.803193,0.18479112,-0.913385
human|zh/LCCC/LCCC-turn_eval.json,2.333333333333333,-0.8832007,-12.578466,-2.833912,-2.9810956,-19.91896,-6.7973685,-1.1926117,-1.4086235
human|zh/LCCC/LCCC-turn_eval.json,1.0,0.19361234,-8.224575,-4.182797,-0.3257179,-19.237202,-8.324567,-0.863262,-0.084005766
human|zh/LCCC/LCCC-turn_eval.json,4.333333333333333,1.9036603,-4.440831,-1.238176,3.649956,-11.828938,2.626381,-0.95166683,-0.451914
human|zh/LCCC/LCCC-turn_eval.json,3.6666666666666665,-2.0098066,-14.255566,-2.687851,-1.3381475,-19.494532,-1.4012928,-1.7804518,-3.1743217
human|zh/LCCC/LCCC-turn_eval.json,1.6666666666666667,-0.058553815,-10.608825,-1.9089912,-1.5251242,-19.868156,-3.8608975,0.27357212,-0.8246153
human|zh/LCCC/LCCC-turn_eval.json,4.333333333333333,-0.43619052,-10.39434,-0.39715666,-0.23674431,-19.53877,-2.411852,0.19007863,-1.0076381
human|zh/LCCC/LCCC-turn_eval.json,3.6666666666666665,-1.4936012,-12.589797,0.19647487,1.0139152,-18.69761,-1.595763,-0.40549782,-0.54925627
human|zh/LCCC/LCCC-turn_eval.json,3.0,-2.4554503,-14.338444,-4.666277,-0.61252415,-18.98359,-3.4356256,-1.7721792,-1.0797144
human|zh/LCCC/LCCC-turn_eval.json,3.6666666666666665,1.2767888,-1.5173136,0.9598346,1.9777439,-16.980759,-1.4259518,-0.98166734,-1.9228535
human|zh/LCCC/LCCC-turn_eval.json,3.6666666666666665,-1.433654,-12.017021,-1.7415581,-0.19848919,-19.295555,-2.1230547,-1.2755021,-2.432741
human|zh/LCCC/LCCC-turn_eval.json,4.0,4.432974,6.893952,2.4970045,0.4439848,-18.567041,-0.93075806,0.17494898,-0.20402075
human|zh/LCCC/LCCC-turn_eval.json,3.0,2.700327,1.2675263,0.58802336,1.0254294,-17.068,-2.4010048,-0.70734495,-0.069700375
human|zh/LCCC/LCCC-turn_eval.json,1.0,0.9199629,-5.496313,-0.98920333,0.5936123,-17.694052,-3.4833238,0.29248747,-0.2018849
human|zh/LCCC/LCCC-turn_eval.json,3.0,-0.2339181,-7.683763,0.14520724,2.1801288,-14.510473,-2.6182792,1.1739353,-0.8163224
human|zh/LCCC/LCCC-turn_eval.json,2.0,-1.6088521,-13.473357,-3.7843757,1.107118,-17.275442,-1.5458865,-1.4842651,-0.85796463
human|zh/LCCC/LCCC-turn_eval.json,4.0,-5.2462764,-17.163122,-6.3842463,-0.3357669,-19.334963,-5.5595536,-2.0887105,-0.7857091
human|zh/LCCC/LCCC-turn_eval.json,4.333333333333333,-0.9596959,-11.022263,-3.2543182,2.885922,-14.277201,0.9738643,-1.0737714,-0.91592294
human|zh/LCCC/LCCC-turn_eval.json,3.6666666666666665,1.4858485,-6.1174116,2.3002572,2.6839714,-16.894335,1.7308079,-0.92808574,-0.94585073
human|zh/LCCC/LCCC-turn_eval.json,2.0,1.8123457,-4.3757944,-0.033379816,0.43553644,-19.259695,-3.1769786,-0.64289826,0.7818144
human|zh/LCCC/LCCC-turn_eval.json,2.0,1.8883635,-3.9492989,1.5251161,-1.0696443,-19.636301,-2.460123,-0.57150644,-1.5470601
human|zh/LCCC/LCCC-turn_eval.json,3.0,-2.020515,-12.992737,-2.7312615,0.6082639,-18.854677,-0.9167986,-1.6917477,-1.2840474
human|zh/LCCC/LCCC-turn_eval.json,3.6666666666666665,-2.7267914,-13.544006,-2.9500322,1.7596388,-16.168661,-0.4430982,0.2828127,-1.1708627
human|zh/LCCC/LCCC-turn_eval.json,1.6666666666666667,-1.1105652,-12.559567,-4.0287395,-4.8218193,-19.976652,-9.354762,-0.7359213,-1.4713755
human|zh/LCCC/LCCC-turn_eval.json,3.6666666666666665,1.2959342,-4.311677,-0.19561043,3.875263,-10.65066,1.441461,-0.7354503,-1.2621269
human|zh/LCCC/LCCC-turn_eval.json,2.333333333333333,1.2470546,-6.83999,-1.6097436,0.10069975,-19.353123,-2.2690313,-0.5278244,-0.5523002
human|zh/LCCC/LCCC-turn_eval.json,3.0,-1.8336475,-13.775404,-3.6786582,1.3318406,-17.353027,-0.83995396,-1.2756146,-1.5422726
human|zh/LCCC/LCCC-turn_eval.json,4.333333333333333,0.54665244,-10.811317,-2.3192327,0.4873439,-18.280972,0.018931272,-0.60499924,-0.25469
human|zh/LCCC/LCCC-turn_eval.json,1.6666666666666667,-0.6494517,-10.157124,-1.0630682,-0.15978633,-19.598286,-5.457034,-1.4300766,-1.8614714
human|zh/LCCC/LCCC-turn_eval.json,4.333333333333333,-2.2232637,-13.294876,1.581002,3.1053753,-16.853645,0.49415216,-1.182983,-0.7452372
human|zh/LCCC/LCCC-turn_eval.json,1.0,0.04821068,-11.563434,-1.7227882,-0.8706454,-19.486267,-5.198244,-0.10481598,-1.4566993
human|zh/LCCC/LCCC-turn_eval.json,4.333333333333333,-0.111206114,-11.237264,-1.7391305,3.0455642,-17.322763,-1.9761311,-0.46263573,0.092942365
human|zh/LCCC/LCCC-turn_eval.json,4.0,0.9254542,0.639338,3.4168794,1.1729683,-19.065224,-4.239408,-0.68670887,-0.064040475
human|zh/LCCC/LCCC-turn_eval.json,2.6666666666666665,1.2949477,-5.3491,2.129722,-0.8638073,-19.155333,-7.329576,-1.1934663,-1.5735888
human|zh/LCCC/LCCC-turn_eval.json,2.333333333333333,0.82734656,-6.9755263,1.3549032,4.1819196,10.280166,0.27660686,0.31750175,-0.13800426
human|zh/LCCC/LCCC-turn_eval.json,1.0,-0.5571747,-14.005222,-0.11314747,-1.4124746,-19.515488,-4.7732954,-0.9385585,-1.0499957
human|zh/LCCC/LCCC-turn_eval.json,3.6666666666666665,0.7089669,-6.773252,0.7244258,1.5256785,-15.428916,-1.8008983,0.066039294,-1.5637248
human|zh/LCCC/LCCC-turn_eval.json,3.6666666666666665,-1.7759161,-13.211979,-1.5762137,0.4942201,-19.190508,-1.4175087,-0.62821454,-0.7695488
human|zh/LCCC/LCCC-turn_eval.json,4.333333333333333,-5.217695,-17.30151,-5.2412376,1.6381557,-18.541363,-1.2620547,-1.3979567,-1.4813544
human|zh/LCCC/LCCC-turn_eval.json,3.0,-2.478154,-13.418819,-4.5412583,-1.7006451,-19.86363,-8.033949,-0.71745956,-1.3657165
human|zh/LCCC/LCCC-turn_eval.json,4.333333333333333,3.3456538,1.6213081,4.0916977,-0.30201378,-19.60552,-4.8762383,-0.58822215,-0.44880152
human|zh/LCCC/LCCC-turn_eval.json,4.666666666666667,-0.6406676,-11.042319,0.6489729,-0.32505655,-19.0239,-4.525274,-1.3814533,-1.0679207
human|zh/LCCC/LCCC-turn_eval.json,3.0,-0.74350727,-11.802716,-5.7684255,-0.8883998,-19.27312,-3.436634,-1.2364389,-0.7343299
human|zh/LCCC/LCCC-turn_eval.json,4.333333333333333,-2.1640034,-14.150036,-2.5255158,5.537034,12.16316,-0.22471292,-0.62687325,0.96841127
human|zh/LCCC/LCCC-turn_eval.json,3.0,-2.9654052,-14.832593,-2.4014168,-0.018589264,-18.814486,-3.3663929,-1.9826967,-1.5049651
human|zh/LCCC/LCCC-turn_eval.json,3.6666666666666665,-1.4009347,-9.163944,-2.3880978,-0.112092234,-18.782192,1.5024929,-0.6822827,-1.8686519
human|zh/LCCC/LCCC-turn_eval.json,1.0,-0.60072684,-12.456522,-1.0761468,1.4105015,-18.005602,-0.13658291,-1.6374393,-1.0062833
human|zh/LCCC/LCCC-turn_eval.json,4.333333333333333,1.7476518,-6.2084055,1.1670978,-0.95346624,-19.612968,-4.29215,-0.83663994,-3.0151033
human|zh/LCCC/LCCC-turn_eval.json,5.0,-1.8257353,-13.296908,-1.2299663,2.3705268,-16.561508,-0.19648187,-0.07843001,-0.96071243
human|zh/LCCC/LCCC-turn_eval.json,4.333333333333333,-4.3603573,-17.081585,-6.8169456,2.6502836,-15.898747,-3.914595,-0.7605063,0.13471805
human|zh/LCCC/LCCC-turn_eval.json,5.0,-1.0848641,-10.044981,-2.334358,1.9173701,-18.369823,0.16552562,-1.7808852,-0.5945969
human|zh/LCCC/LCCC-turn_eval.json,1.0,-1.0920073,-9.890396,-0.9997958,0.7692808,-18.981422,-2.4413404,-2.1678202,-0.95854247
human|zh/LCCC/LCCC-turn_eval.json,3.333333333333333,3.528943,-0.31159088,2.0531266,-1.2818754,-18.740599,-4.1262608,-0.8977174,-1.5579653
human|zh/LCCC/LCCC-turn_eval.json,5.0,0.9058673,-7.4957256,0.8659017,0.19640428,-17.708483,-1.4281069,-1.2578838,-1.1901293
human|zh/LCCC/LCCC-turn_eval.json,4.333333333333333,-2.3847163,-11.085954,-2.3431976,2.1958537,-13.191603,-1.1777389,-1.1644547,-0.63664335
human|zh/LCCC/LCCC-turn_eval.json,1.6666666666666667,3.6765552,4.7329693,3.4128258,-0.09482332,-19.334415,-5.4348702,-1.3044881,-0.44441122
human|zh/LCCC/LCCC-turn_eval.json,4.333333333333333,-2.3262434,-13.215824,-4.8759274,-2.1035542,-19.836725,-4.1459136,-1.7456825,-1.7752122
human|zh/LCCC/LCCC-turn_eval.json,5.0,-2.861405,-12.644662,-0.9439746,-0.4142709,-19.517868,-0.5518032,1.6534922,-0.74542564
human|zh/LCCC/LCCC-turn_eval.json,5.0,-1.2074543,-7.673053,-1.3645768,0.96757436,-18.140036,-0.21030977,-0.4802335,-0.9358129
human|zh/LCCC/LCCC-turn_eval.json,4.333333333333333,-4.014796,-14.03213,-3.3362637,-2.5455177,-19.90193,-5.524118,-0.9578457,-1.8512645
human|zh/LCCC/LCCC-turn_eval.json,4.333333333333333,2.9583075,-0.35460982,2.540975,3.8379083,-6.88045,1.1567287,-0.2277111,0.12751089
human|zh/LCCC/LCCC-turn_eval.json,4.333333333333333,2.1178613,3.6913261,1.5502944,0.7751013,-18.976315,-1.3203013,-1.3059921,-0.37937027
human|zh/LCCC/LCCC-turn_eval.json,5.0,-0.31248438,-10.186747,-1.8465271,-1.379736,-19.707636,-3.426363,-1.3372117,-1.2498229
human|zh/LCCC/LCCC-turn_eval.json,4.333333333333333,4.895286,3.8193882,3.8572361,3.1200132,-15.963502,-0.9381597,-2.0629983,-1.1318933
human|zh/LCCC/LCCC-turn_eval.json,4.333333333333333,-1.7216711,-12.171288,-2.6894565,-2.1932144,-19.83236,-5.903739,-1.0302154,-1.3973997
human|zh/LCCC/LCCC-turn_eval.json,2.333333333333333,1.7596055,-6.5678735,0.1315401,0.13032009,-19.169506,-4.181432,-1.7575476,-0.7514177
human|zh/LCCC/LCCC-turn_eval.json,2.6666666666666665,-1.1687645,-11.789568,-2.035942,2.7190204,-15.265126,0.64038336,0.030454153,-1.5566382
human|zh/LCCC/LCCC-turn_eval.json,3.0,-0.9043063,-8.429522,-2.1618204,0.865765,-16.988985,0.33003664,-2.9209383,-1.8011762
human|zh/LCCC/LCCC-turn_eval.json,2.6666666666666665,0.5016457,-5.5744514,-1.8077185,4.303917,-9.722475,2.710129,-0.3394712,-0.40997285
human|zh/LCCC/LCCC-turn_eval.json,5.0,0.2596199,-11.277578,-1.458977,-0.20402996,-19.070246,-1.2341514,-1.0987127,-1.0058285
human|zh/LCCC/LCCC-turn_eval.json,2.6666666666666665,-0.3646285,-9.507867,-3.075445,-0.63312465,-19.312626,-4.13779,-0.3066258,-1.3686608
human|zh/LCCC/LCCC-turn_eval.json,4.333333333333333,-1.6312839,-13.730879,-1.1191673,2.3055212,-16.254137,-2.33336,-1.886946,-0.5961747
human|zh/LCCC/LCCC-turn_eval.json,5.0,1.5183024,-4.240344,-0.7758265,2.172663,-17.532846,-1.6315248,-0.6131626,1.9767705
human|zh/LCCC/LCCC-turn_eval.json,3.6666666666666665,-0.6909662,-9.089147,-1.671905,1.8168877,-18.445108,-1.6050382,-1.1253335,0.80344754
human|zh/LCCC/LCCC-turn_eval.json,1.6666666666666667,-0.56393135,-10.753832,-2.4589388,0.30859378,-18.845352,-4.8602123,-0.720787,-0.83311963
human|zh/LCCC/LCCC-turn_eval.json,3.6666666666666665,-2.5482779,-13.478237,-6.724366,0.22063059,-18.881138,-3.5995812,0.36168918,-0.06088212
human|zh/LCCC/LCCC-turn_eval.json,5.0,-0.78310037,-10.759781,-1.3653967,0.6084822,-19.47614,1.1699189,-3.4592495,-1.3738174
human|zh/LCCC/LCCC-turn_eval.json,4.333333333333333,1.1319326,-7.4654574,2.7706754,-0.12312219,-19.239414,-5.151348,-1.266336,-0.83362055
human|zh/LCCC/LCCC-turn_eval.json,3.6666666666666665,0.22066431,-8.044071,1.3480036,2.9479065,-9.91045,-2.6284745,-2.2864032,-0.060426243
human|zh/LCCC/LCCC-turn_eval.json,4.333333333333333,-2.1498802,-13.638805,-1.2980748,1.3977871,-17.251762,-1.1755515,1.6289991,-1.3567772
human|zh/LCCC/LCCC-turn_eval.json,3.0,2.9315748,1.8093473,2.453744,0.050827358,-18.906893,-1.9112821,-3.3469558,-1.4252653
human|zh/LCCC/LCCC-turn_eval.json,4.0,2.892412,-1.1435748,0.9035388,6.131298,15.410736,6.5945716,-1.5064641,-0.37767282
human|zh/LCCC/LCCC-turn_eval.json,1.0,0.013768682,-9.497764,0.46466613,0.45278314,-18.771832,-1.260052,-0.19579686,-1.5046219
human|zh/LCCC/LCCC-turn_eval.json,1.0,1.2189729,-7.4685497,-1.747081,-1.171802,-19.555233,-4.3541975,-1.5054775,-1.1865448
human|zh/LCCC/LCCC-turn_eval.json,2.333333333333333,-0.096483,-10.533569,-1.9905264,-0.80630887,-19.53926,-6.5912433,-1.1770524,-1.023309
human|zh/LCCC/LCCC-turn_eval.json,4.666666666666667,1.4773197,-3.645674,0.8115643,-0.50837004,-19.168036,-4.417912,-0.7711827,-1.0056711
human|zh/LCCC/LCCC-turn_eval.json,3.0,1.9756628,-5.2094655,2.7674928,1.6927524,-17.663008,-4.073241,-1.2330568,-0.6464569
human|zh/LCCC/LCCC-turn_eval.json,3.333333333333333,1.2306509,-4.85568,-3.0853696,2.5806375,-8.982866,-0.88730776,-0.6254293,-0.98789644
human|zh/LCCC/LCCC-turn_eval.json,4.666666666666667,0.976295,-5.005748,-0.007926278,-2.0492094,-19.855288,-5.9037285,-0.072734855,-1.0474219
human|zh/LCCC/LCCC-turn_eval.json,2.333333333333333,-0.87426966,-12.510216,1.005576,-0.8218039,-19.673,-2.8592932,-1.6531268,-0.8065931
human|zh/LCCC/LCCC-turn_eval.json,2.333333333333333,0.4911324,-8.732504,1.1135794,-2.0272489,-19.879688,-3.2116709,-0.056576513,-1.432824
human|zh/LCCC/LCCC-turn_eval.json,3.0,-0.90596807,-12.537048,-3.940557,0.97780156,-18.098549,-3.5851746,-1.1991948,-0.94264776
human|zh/LCCC/LCCC-turn_eval.json,4.0,0.883481,-5.7194796,1.1310853,0.7378639,-18.701733,1.0568485,-1.1333405,0.6691612
human|zh/LCCC/LCCC-turn_eval.json,5.0,-0.092093065,-8.665303,-1.1473855,3.333809,-14.484348,0.8934677,-0.15638709,0.29048258
human|zh/LCCC/LCCC-turn_eval.json,4.0,-0.41332605,-9.093781,-1.2114725,3.1716368,-12.571432,-1.1134504,-0.3927509,-0.5758356
human|zh/LCCC/LCCC-turn_eval.json,5.0,0.20469224,-8.529984,0.4000133,1.3860316,-18.127172,-0.35555002,-3.4249403,-1.6340321
human|zh/LCCC/LCCC-turn_eval.json,1.0,0.7667971,-13.647808,0.73776966,0.25588983,-19.54507,-4.0747776,-0.7481515,-0.47217408
human|zh/LCCC/LCCC-turn_eval.json,1.0,0.18933511,-7.340612,-2.8796773,1.4457471,-18.263075,-3.5552425,-1.7305211,-0.027280264
human|zh/LCCC/LCCC-turn_eval.json,4.666666666666667,-0.50137275,-9.905136,-3.694186,-0.010719698,-19.564611,-1.0737187,0.77183056,-0.68136865
human|zh/LCCC/LCCC-turn_eval.json,5.0,-0.45225736,-11.711154,-1.3482155,4.192974,-11.075233,0.9370223,-0.86854976,-0.11003359
human|zh/LCCC/LCCC-turn_eval.json,3.0,3.0483153,-5.4616375,0.21216351,0.48088643,-18.536032,-3.5300443,0.359379,-1.0072935
human|zh/LCCC/LCCC-turn_eval.json,4.333333333333333,0.22344887,-8.947926,-1.5140941,-0.74454075,-19.494793,-5.6902127,0.33865958,-1.4864309
human|zh/LCCC/LCCC-turn_eval.json,3.0,-1.2438719,-11.385273,-0.08392854,-0.26765707,-19.638134,-4.210995,-0.66085607,-0.4624356
human|zh/LCCC/LCCC-turn_eval.json,5.0,1.2681295,-4.516771,1.6468573,1.3259797,-16.975477,-4.269313,-0.31052387,-0.8307414
human|zh/LCCC/LCCC-turn_eval.json,5.0,0.17859653,-3.8603144,-7.4765725,0.4120581,-18.912102,-3.309383,0.9704003,-0.9213936
human|zh/LCCC/LCCC-turn_eval.json,5.0,-0.090281874,-3.5785608,-2.7145875,3.0800285,-12.840934,5.1555486,-3.1425755,-0.042517394
human|zh/LCCC/LCCC-turn_eval.json,5.0,-6.688534,-18.338158,-8.077421,-0.5048495,-18.776167,-6.1382527,-2.0827198,-1.0856723
human|zh/LCCC/LCCC-turn_eval.json,3.6666666666666665,2.9058745,-1.9335344,0.87758535,3.450821,-17.014208,-2.8185985,0.85289335,0.82825935
human|zh/LCCC/LCCC-turn_eval.json,5.0,-0.08794463,-6.454111,1.5802909,-0.72131586,-19.704939,-4.1094832,0.1889157,-1.2778615
human|zh/LCCC/LCCC-turn_eval.json,1.0,1.589741,-5.6204004,-2.8028057,-0.509157,-19.23389,-2.3598857,-0.31961894,-1.7072732
human|zh/LCCC/LCCC-turn_eval.json,5.0,-1.328937,-11.501064,-2.0947847,1.803782,-15.848427,-0.2988355,0.066522256,-1.0218681
human|zh/LCCC/LCCC-turn_eval.json,5.0,-0.8535051,-11.782753,-1.2747258,1.9234002,-16.572397,-0.39761677,-0.5123974,-1.3952941
human|zh/LCCC/LCCC-turn_eval.json,4.333333333333333,6.9182005,10.342288,2.7512279,-1.5182793,-19.610075,-7.4114876,-1.2956707,-0.38655856
human|zh/LCCC/LCCC-turn_eval.json,5.0,1.8405538,3.0559745,-2.7470005,0.19332142,-18.932999,-3.5380998,-1.2781359,-0.8571215
human|zh/LCCC/LCCC-turn_eval.json,3.0,1.2289376,-5.469393,1.1359172,1.4436207,-18.006706,-4.4865727,-0.6998505,-0.27217925
human|zh/LCCC/LCCC-turn_eval.json,1.0,0.033615597,-9.901907,-1.3474617,-2.1038995,-19.76256,-5.6071815,-0.89387965,-0.98476005
human|zh/LCCC/LCCC-turn_eval.json,3.0,2.4026392,1.8003691,2.0940871,-2.0693989,-19.593466,-4.9011316,-0.91310626,-0.6266727
human|zh/LCCC/LCCC-turn_eval.json,4.333333333333333,1.4781255,-4.002754,2.562231,-0.3283846,-19.130909,-4.090617,-0.8794189,-0.74657124
human|zh/LCCC/LCCC-turn_eval.json,3.0,1.4312578,-1.8868674,0.60695827,4.6060934,14.304766,0.7531143,-0.5975376,-0.32163292
human|zh/LCCC/LCCC-turn_eval.json,3.0,-0.043945756,-10.373692,-0.5583931,-0.8422107,-19.655539,-4.709361,-0.18546762,-1.5577846
human|zh/LCCC/LCCC-turn_eval.json,5.0,-0.38711074,-12.533818,-1.5432097,3.1924868,-13.723909,0.96001196,-0.5774121,-0.7021023
human|zh/LCCC/LCCC-turn_eval.json,3.0,-1.3192056,-13.304718,-3.4509158,0.19882457,-19.021114,-1.5797291,-0.68797797,-1.2699347
human|zh/LCCC/LCCC-turn_eval.json,5.0,0.6265453,-3.699554,0.3759774,2.9425633,-12.603937,-0.6805141,0.28760076,-0.25272194
human|zh/LCCC/LCCC-turn_eval.json,3.0,-2.4711013,-13.696857,-3.4079247,0.10470439,-19.361595,-1.656443,-1.0104961,-1.1339684
human|zh/LCCC/LCCC-turn_eval.json,5.0,-5.912659,-16.797483,-3.9105687,2.6958323,-12.673078,2.0168052,-3.4719691,-2.0782926
human|zh/LCCC/LCCC-turn_eval.json,5.0,-0.92543715,-11.639099,-1.7098498,4.417594,12.485846,2.0316293,-0.97340727,-0.58297324
human|zh/LCCC/LCCC-turn_eval.json,4.333333333333333,-10.238062,-19.40051,-12.148693,-1.1210423,-19.2777,-4.0854454,-1.487287,-2.8571062
human|zh/LCCC/LCCC-turn_eval.json,3.0,2.2697513,3.4816947,-2.7353213,3.6536863,-10.193981,-2.947363,-1.1131629,-0.16435789
human|zh/LCCC/LCCC-turn_eval.json,1.6666666666666667,-0.45115906,-8.87796,-0.0041800365,-1.9106787,-19.780966,-5.188797,-2.5904915,-1.1619823
human|zh/LCCC/LCCC-turn_eval.json,4.333333333333333,-0.81229806,-11.531835,-0.07369791,0.4716873,-19.343653,-1.8536419,-0.7744698,-0.06314532
human|zh/LCCC/LCCC-turn_eval.json,5.0,0.14852674,-11.794992,-4.225233,-0.661132,-19.37604,-5.445402,-0.6967837,-1.3652744
human|zh/LCCC/LCCC-turn_eval.json,5.0,0.6251496,-9.759329,-0.47912025,0.09294224,-19.328772,-1.870441,-1.2102774,-0.92642206
human|zh/LCCC/LCCC-turn_eval.json,3.0,-0.01267271,-8.59185,2.783461,1.9151872,-17.699898,3.7723181,2.6534479,-0.81699467
human|zh/LCCC/LCCC-turn_eval.json,4.666666666666667,2.5765789,-2.8448863,1.8966007,0.066181555,-19.231754,0.54807734,-2.4371965,0.35506448
human|zh/LCCC/LCCC-turn_eval.json,4.666666666666667,0.024015948,-9.425362,-1.7257084,0.891267,-18.677355,-0.716111,-0.7968716,-2.059443
human|zh/LCCC/LCCC-turn_eval.json,4.666666666666667,-1.274904,-12.252653,-2.872709,4.8047333,-9.571809,2.0437536,-1.3517869,0.15777905
human|zh/LCCC/LCCC-turn_eval.json,4.0,-0.82423854,-6.161974,-0.4331997,-1.1437019,-19.781961,-6.4129133,-0.6210299,-0.76069444
human|zh/LCCC/LCCC-turn_eval.json,5.0,1.1837783,-5.944445,2.9135408,1.1580296,-18.355032,-1.1968485,-0.28998584,-0.7365002
human|zh/LCCC/LCCC-turn_eval.json,3.0,0.94014144,-5.043274,1.5799179,-0.5784721,-19.680964,-6.0995836,-0.32774007,-0.9342306
human|zh/LCCC/LCCC-turn_eval.json,5.0,3.101667,-4.8743668,-0.55905676,3.370697,-7.448647,-3.9543107,-0.8295533,0.11951315
human|zh/LCCC/LCCC-turn_eval.json,5.0,-1.7937331,-13.816024,-1.556465,0.2857444,-19.335163,-6.2693014,-7.0466866,-1.3635931
human|zh/LCCC/LCCC-turn_eval.json,5.0,2.0936391,1.61277,1.9980266,3.101629,-12.028534,-1.691045,1.1656957,-0.7031729
human|zh/LCCC/LCCC-turn_eval.json,3.0,1.5509894,-3.2430286,0.82259154,2.052355,-18.554806,-2.5194335,0.22141682,-0.78925544
human|zh/LCCC/LCCC-turn_eval.json,5.0,2.2162952,-1.2386785,1.6658448,2.271215,-16.646376,-0.45222008,-1.2700926,-1.433998
human|zh/LCCC/LCCC-turn_eval.json,5.0,1.6487385,-4.806303,0.7652572,2.0656257,-16.573711,-2.8177538,-2.9620228,-0.20036204
human|zh/LCCC/LCCC-turn_eval.json,3.0,1.2881864,-2.8883746,1.9642193,-0.90207034,-19.311522,-7.336147,-1.4529094,-1.5082601
human|zh/LCCC/LCCC-turn_eval.json,1.0,-2.101518,-13.386312,-4.6340675,0.25940403,-18.348967,-5.3964205,-0.9145339,-1.4666169
human|zh/LCCC/LCCC-turn_eval.json,4.333333333333333,4.134923,-1.1418165,0.044506304,4.0921206,-4.897167,-1.2318559,-0.89390385,0.29294586
human|zh/LCCC/LCCC-turn_eval.json,4.0,2.478658,-2.7878058,0.6742623,0.17885214,-19.381561,0.66880757,-0.5767763,-0.83601975
human|zh/LCCC/LCCC-turn_eval.json,5.0,1.8186913,-6.372855,-0.1886495,2.7288578,-16.332432,1.3792665,0.69474095,-0.2059755
human|zh/LCCC/LCCC-turn_eval.json,5.0,0.06074058,-9.829718,-2.4698768,0.7010326,-18.852762,0.37645298,-1.3415965,-0.04604383
human|zh/LCCC/LCCC-turn_eval.json,4.333333333333333,1.0413792,-8.290776,2.2641625,2.8629818,-10.438619,-1.4109342,-0.59182256,-0.7100769
human|zh/LCCC/LCCC-turn_eval.json,3.6666666666666665,3.1689181,-1.2940512,1.9140285,2.5114303,-13.266041,0.10298309,0.43789765,-0.472165
human|zh/LCCC/LCCC-turn_eval.json,5.0,3.6720319,3.9647326,-1.3324867,-1.6749953,-19.723,-5.096286,-1.4358978,-2.1529753
human|zh/LCCC/LCCC-turn_eval.json,4.333333333333333,-4.108161,-16.217176,-4.1586146,0.03558899,-19.177689,-3.9581013,0.12274956,-0.84191567
human|zh/LCCC/LCCC-turn_eval.json,3.6666666666666665,-0.4266632,-13.440995,-1.3829925,-0.07073962,-18.912027,-1.0887966,-1.1487923,-1.0879351
human|zh/LCCC/LCCC-turn_eval.json,5.0,0.24441898,-8.962252,0.19646126,2.3673146,-13.908834,-1.2181858,-1.4809719,-1.018794
human|zh/LCCC/LCCC-turn_eval.json,3.0,1.0660815,-5.7204523,2.7889233,1.5118717,-18.284159,-0.98351055,-1.1015091,-0.78141975
human|zh/LCCC/LCCC-turn_eval.json,5.0,0.017682455,-8.272712,-0.1253483,1.2215532,-18.361458,0.058348272,2.2093902,-0.71558493
human|zh/LCCC/LCCC-turn_eval.json,2.333333333333333,-0.19496737,-10.0961075,-0.40429324,-2.1076365,-19.611706,-4.234097,-0.66717243,-4.03175
human|zh/LCCC/LCCC-turn_eval.json,4.666666666666667,3.951527,-0.52218264,-1.7809918,5.950518,16.923294,0.77960944,-4.6423798,-0.13752066
human|zh/LCCC/LCCC-turn_eval.json,3.0,1.2985533,-6.097548,-1.1706771,1.9030756,-16.295208,-4.214217,-1.7442125,-0.22190107
human|zh/LCCC/LCCC-turn_eval.json,4.333333333333333,-4.5704036,-15.642149,-4.885849,-0.6886964,-18.954895,-7.4256754,-1.1654571,-1.5073094
human|zh/LCCC/LCCC-turn_eval.json,4.666666666666667,4.4258623,1.8144114,2.410681,4.043283,13.646799,6.41501,-0.9847272,-0.3726795
human|zh/LCCC/LCCC-turn_eval.json,5.0,-0.6716499,-13.000147,-3.8285055,2.8748634,-16.598959,0.6927315,0.46901655,0.02612265
human|zh/LCCC/LCCC-turn_eval.json,1.0,-3.2327166,-13.869087,-6.72237,-1.7008421,-19.81015,-7.700535,-2.4050014,-1.7405094
human|zh/LCCC/LCCC-turn_eval.json,5.0,3.6698732,2.7340598,0.7335157,1.252881,-18.036116,-4.7444654,-2.5218995,-1.1156381
human|zh/LCCC/LCCC-turn_eval.json,2.333333333333333,1.6342639,-2.0920486,-0.26260278,3.6418402,-5.602996,-0.6528774,2.4739058,-0.7189363
human|zh/LCCC/LCCC-turn_eval.json,3.0,1.3717502,-7.7411594,-1.3905177,0.18133914,-19.024012,-6.4844656,-0.60408896,-0.21960925
human|zh/LCCC/LCCC-turn_eval.json,3.6666666666666665,-0.65812147,-11.249419,-3.973322,-2.422058,-19.870064,-8.296816,3.4360685,-1.544
human|zh/LCCC/LCCC-turn_eval.json,1.0,-1.9893807,-12.576872,-1.969969,-0.2932308,-19.249315,-4.457098,-1.0754123,-0.7589893
human|zh/LCCC/LCCC-turn_eval.json,1.0,-1.2656138,-12.443265,-4.7897377,-1.0811887,-19.708458,-4.647264,-1.8922935,-4.077018
human|zh/LCCC/LCCC-turn_eval.json,1.6666666666666667,0.4899116,-4.1170425,0.66212744,-1.3284376,-19.69316,-5.215876,0.53270143,-1.038966
human|zh/LCCC/LCCC-turn_eval.json,5.0,3.6951518,4.8357997,1.5202237,3.7787576,-5.735632,0.91998625,0.6770919,-0.34595767
human|zh/LCCC/LCCC-turn_eval.json,5.0,3.6670632,-1.2493972,3.7868574,2.9643445,-15.787279,1.8427231,1.4929732,-0.30326405
human|zh/LCCC/LCCC-turn_eval.json,5.0,-1.2610412,-12.583471,-2.752421,-1.1177511,-19.411121,-3.6832228,-1.7307522,1.7092513
human|zh/LCCC/LCCC-turn_eval.json,3.0,-1.7794997,-12.092991,-1.1395676,-1.3038247,-19.629112,-5.8654423,-0.9147401,-1.5041709
human|zh/LCCC/LCCC-turn_eval.json,3.0,0.24457671,-9.88964,-2.650286,-3.0064616,-19.925491,-6.35838,-2.0396037,-1.7364997
human|zh/LCCC/LCCC-turn_eval.json,1.0,0.48780566,-2.5107505,0.9216454,0.5362139,-17.630295,-3.928707,-2.6493871,-0.6548313
human|zh/LCCC/LCCC-turn_eval.json,4.666666666666667,0.050281506,-8.511139,0.5420179,4.0669136,-12.499559,-0.103626296,2.4321356,-0.7447017
human|zh/LCCC/LCCC-turn_eval.json,3.0,-1.6063474,-13.207653,-3.7037,3.3117237,-14.175019,-2.0723693,-2.7933216,-0.613209
human|zh/LCCC/LCCC-turn_eval.json,4.333333333333333,-5.300543,-16.14867,-7.5832825,5.1100326,6.670015,1.7114474,0.55092543,0.3134606
human|zh/LCCC/LCCC-turn_eval.json,4.333333333333333,-0.011658008,-6.1586165,0.20383887,4.9016385,8.248648,-0.3618436,-0.75127584,0.49706167
human|zh/LCCC/LCCC-turn_eval.json,3.0,3.4067917,-1.1058056,3.8411925,3.4837065,-8.0594425,-0.08338946,-1.5867944,0.24868926
human|zh/LCCC/LCCC-turn_eval.json,3.0,-0.23346156,-10.993252,-1.4267664,0.002205629,-19.235884,-3.2224681,-1.1851437,-0.1459157
human|zh/LCCC/LCCC-turn_eval.json,3.333333333333333,0.54301834,-8.285578,0.5714369,0.061624467,-19.25288,-1.4801544,0.5645707,-1.7285689
human|zh/LCCC/LCCC-turn_eval.json,4.333333333333333,1.8494802,1.087018,3.6931362,4.6897526,3.7231903,3.350744,-0.8300529,-0.7907895
human|zh/LCCC/LCCC-turn_eval.json,3.0,-0.3209337,-10.296761,-0.2990327,1.2691786,-18.720375,0.08094896,-0.024411505,-2.329892
human|zh/LCCC/LCCC-turn_eval.json,4.333333333333333,4.1630974,1.7799915,3.1928654,1.1838337,-19.12004,-2.152031,-0.5847335,-0.512182
human|zh/LCCC/LCCC-turn_eval.json,4.333333333333333,-3.2349122,-14.826379,-1.4162301,1.1959313,-18.550909,-1.966562,-0.37527305,-0.903767
human|zh/LCCC/LCCC-turn_eval.json,3.333333333333333,2.731242,1.3976539,1.9692713,2.5802531,-14.883428,-2.052044,-1.0478613,-0.74538445
human|zh/LCCC/LCCC-turn_eval.json,3.6666666666666665,5.3432093,8.695694,3.5810626,0.8893182,-17.416811,-2.907519,-0.5756023,0.29776135
human|zh/LCCC/LCCC-turn_eval.json,4.333333333333333,2.2826383,-2.9230263,-3.759635,0.093820974,-18.944736,-2.8070533,-0.5137611,-0.91665775
human|zh/LCCC/LCCC-turn_eval.json,4.666666666666667,2.7136266,5.823744,-0.07217247,4.384759,-6.3952827,2.951729,-1.0720549,-0.022814844
human|zh/LCCC/LCCC-turn_eval.json,4.666666666666667,-1.047995,-8.802107,-6.3161087,-2.036712,-19.80356,-3.7827191,-1.0451803,-1.0074301
human|zh/LCCC/LCCC-turn_eval.json,4.333333333333333,-1.0073466,-10.611085,-1.5978748,1.4772379,-17.117208,-1.511909,-0.8284354,-1.8770716
human|zh/LCCC/LCCC-turn_eval.json,4.333333333333333,-0.13810693,-7.0815325,-0.53180563,3.8806033,-14.920994,-2.8895125,-2.9743803,1.7856048
human|zh/LCCC/LCCC-turn_eval.json,1.3333333333333333,5.19355,4.260435,3.388424,-2.099721,-19.9012,-1.9195805,-0.07589946,-1.1828227
human|zh/LCCC/LCCC-turn_eval.json,3.0,2.179379,-3.402143,1.390854,3.1774006,-14.676141,2.967389,-1.7540632,0.12058645
